participant_id	stim_no	question_no	numberofanswers	answers	correct_answers	score
sub-01	1	1	1	4	1	0
sub-01	1	2	1	1	1	1
sub-01	1	3	3	3  2  1	1  2  3	1
sub-01	1	4	1	1	1	1
sub-01	1	5	1	1	1	1
sub-01	1	6	1	1	1	1
sub-01	1	7	1	2	1	0
sub-01	1	8	1	1	1	1
sub-01	1	9	2	1  2	1  2	1
sub-01	1	10	1	1	1	1
sub-01	1	11	3	2  3  1	1  2  3	1
sub-01	1	12	4	2  3  4	1  2  3  4	0.75
sub-01	2	1	1	1	1	1
sub-01	2	2	3	2	1  2  3	0.333333333333333
sub-01	2	3	1	1	1	1
sub-01	2	4	1	4	1	0
sub-01	2	5	1	2	1	0
sub-01	2	6	1	1	1	1
sub-01	2	7	1	1	1	1
sub-01	2	8	2	2	1  2	0.5
sub-01	2	9	1	1	1	1
sub-01	2	10	1	3	1	0
sub-01	2	11	1	1	1	1
sub-01	2	12	3	1	1  2  3	0.333333333333333
sub-01	3	1	1	1	1	1
sub-01	3	2	3	1  3  2	1  2  3	1
sub-01	3	3	1	1	1	1
sub-01	3	5	1	3	1	0
sub-01	3	6	1	1	1	1
sub-01	3	7	1	1	1	1
sub-01	3	8	3	1  2	1  2  3	0.666666666666667
sub-01	3	9	1	1	1	1
sub-01	3	10	1	1	1	1
sub-01	3	11	1	1	1	1
sub-01	3	11	1	2	1	0
sub-01	3	12	1	3	1	0
sub-01	4	1	3	3	1  2  3	0.333333333333333
sub-01	4	2	1	1	1	1
sub-01	4	3	1	3	1	0
sub-01	4	4	1	1	1	1
sub-01	4	5	1	1	1	1
sub-01	4	6	1	1	1	1
sub-01	4	7	2	1	1  2	0.5
sub-01	4	8	1	4	1	0
sub-01	4	9	1	1	1	1
sub-01	4	10	1	1	1	1
sub-01	4	11	1	1	1	1
sub-01	4	12	1	3	1	0
sub-01	5	1	3	1  2  3	1  2  3	1
sub-01	5	2	1	1	1	1
sub-01	5	3	1	1	1	1
sub-01	5	4	1	1	1	1
sub-01	5	5	1	2	1	0
sub-01	5	6	1	1	1	1
sub-01	5	7	2	3	1  2	0
sub-01	5	8	1	4	1	0
sub-01	5	9	1	1	1	1
sub-01	5	10	1	3	1	0
sub-01	5	11	2	3  1  2	1  2	1
sub-01	5	12	2	2	1  2	0.5
sub-01	6	1	1	4	1	0
sub-01	6	2	3	4  3  2  1	1  2  3	1
sub-01	6	3	1	1	1	1
sub-01	6	4	1	1	1	1
sub-01	6	5	1	3	1	0
sub-01	6	6	1	1	1	1
sub-01	6	7	2	2  1	1  2	1
sub-01	6	8	1	2	1	0
sub-01	6	9	1	1	1	1
sub-01	6	10	1	4	1	0
sub-01	6	11	2	2  4  1	1  2	1
sub-01	6	12	2	4  1	1  2	0.5
sub-02	1	1	1	3	1	0
sub-02	1	2	1	2	1	0
sub-02	1	3	3	3  2	1  2  3	0.666666666666667
sub-02	1	4	1	1	1	1
sub-02	1	5	1	4	1	0
sub-02	1	6	1	1	1	1
sub-02	1	7	1	2	1	0
sub-02	1	8	1	1	1	1
sub-02	1	9	2	2  1  4	1  2	1
sub-02	1	10	1	1	1	1
sub-02	1	11	3	1  4	1  2  3	0.333333333333333
sub-02	1	12	4	4  1	1  2  3  4	0.5
sub-02	2	1	1	4	1	0
sub-02	2	2	3	1  3  2	1  2  3	1
sub-02	2	3	1	2	1	0
sub-02	2	4	1	2	1	0
sub-02	2	5	1	3	1	0
sub-02	2	6	1	2	1	0
sub-02	2	7	1	1	1	1
sub-02	2	8	2	2  3	1  2	0.5
sub-02	2	9	1	4	1	0
sub-02	2	10	1	2	1	0
sub-02	2	11	1	3	1	0
sub-02	2	12	3	2  1  4	1  2  3	0.666666666666667
sub-02	3	1	1	1	1	1
sub-02	3	2	3	4  1  2	1  2  3	0.666666666666667
sub-02	3	3	1	1	1	1
sub-02	3	4	1	2	1	0
sub-02	3	5	1	3	1	0
sub-02	3	6	1	2	1	0
sub-02	3	7	1	1	1	1
sub-02	3	8	3	1  2	1  2  3	0.666666666666667
sub-02	3	9	1	1	1	1
sub-02	3	10	1	1	1	1
sub-02	3	11	1	2	1	0
sub-02	3	12	1	1	1	1
sub-02	4	1	3	1  2	1  2  3	0.666666666666667
sub-02	4	2	1	4	1	0
sub-02	4	3	1	4	1	0
sub-02	4	4	1	1	1	1
sub-02	4	5	1	1	1	1
sub-02	4	6	1	1	1	1
sub-02	4	7	2	3	1  2	0
sub-02	4	8	1	2	1	0
sub-02	4	9	1	1	1	1
sub-02	4	10	1	1	1	1
sub-02	4	11	1	1	1	1
sub-02	4	12	1	4	1	0
sub-02	5	1	3	1  3  4  2	1  2  3	1
sub-02	5	2	1	1	1	1
sub-02	5	3	1	3	1	0
sub-02	5	4	1	2	1	0
sub-02	5	5	1	1	1	1
sub-02	5	6	1	2	1	0
sub-02	5	7	2	2  1	1  2	1
sub-02	5	8	1	1	1	1
sub-02	5	9	1	1	1	1
sub-02	5	10	1	1	1	1
sub-02	5	11	2	1  2	1  2	1
sub-02	5	12	2	3  2	1  2	0.5
sub-02	6	1	1	2	1	0
sub-02	6	2	3	3  2  4	1  2  3	0.666666666666667
sub-02	6	3	1	1	1	1
sub-02	6	4	1	1	1	1
sub-02	6	5	1	2	1	0
sub-02	6	6	1	1	1	1
sub-02	6	7	2	1  2	1  2	1
sub-02	6	8	1	2	1	0
sub-02	6	9	1	1	1	1
sub-02	6	10	1	4	1	0
sub-02	6	11	2	1	1  2	0.5
sub-02	6	12	2	2	1  2	0.5
sub-03	1	1	1	1	1	1
sub-03	1	2	1	4	1	0
sub-03	1	3	3	1  2	1  2  3	0.666666666666667
sub-03	1	4	1	4	1	0
sub-03	1	5	1	2	1	0
sub-03	1	6	1	1	1	1
sub-03	1	7	1	2	1	0
sub-03	1	8	1	4	1	0
sub-03	1	9	2	1  4  2	1  2	1
sub-03	1	10	1	1	1	1
sub-03	1	11	3	3  1	1  2  3	0.666666666666667
sub-03	1	12	4	2  1	1  2  3  4	0.5
sub-03	2	1	1	4	1	0
sub-03	2	2	3	3  2  1	1  2  3	1
sub-03	2	3	1	2	1	0
sub-03	2	4	1	2	1	0
sub-03	2	5	1	2	1	0
sub-03	2	6	1	1	1	1
sub-03	2	7	1	3	1	0
sub-03	2	8	2	4  2	1  2	0.5
sub-03	2	9	1	4	1	0
sub-03	2	10	1	3	1	0
sub-03	2	11	1	4	1	0
sub-03	2	12	3	4  2	1  2  3	0.333333333333333
sub-03	3	1	1	3	1	0
sub-03	3	2	3	3  1	1  2  3	0.666666666666667
sub-03	3	3	1	2	1	0
sub-03	3	4	1	2	1	0
sub-03	3	5	1	2	1	0
sub-03	3	6	1	4	1	0
sub-03	3	7	1	2	1	0
sub-03	3	8	3	1  3	1  2  3	0.666666666666667
sub-03	3	9	1	3	1	0
sub-03	3	10	1	1	1	1
sub-03	3	11	1	1	1	1
sub-03	3	12	1	3	1	0
sub-03	4	1	3	1  2	1  2  3	0.666666666666667
sub-03	4	2	1	4	1	0
sub-03	4	3	1	4	1	0
sub-03	4	4	1	1	1	1
sub-03	4	5	1	3	1	0
sub-03	4	6	1	4	1	0
sub-03	4	7	2	1  3	1  2	0.5
sub-03	4	8	1	1	1	1
sub-03	4	9	1	3	1	0
sub-03	4	10	1	4	1	0
sub-03	4	11	1	2	1	0
sub-03	4	12	1	3	1	0
sub-03	5	1	3	4  1	1  2  3	0.333333333333333
sub-03	5	2	1	1	1	1
sub-03	5	3	1	2	1	0
sub-03	5	4	1	2	1	0
sub-03	5	5	1	4	1	0
sub-03	5	6	1	4	1	0
sub-03	5	7	2	1  3	1  2	0.5
sub-03	5	8	1	4	1	0
sub-03	5	9	1	2	1	0
sub-03	5	10	1	2	1	0
sub-03	5	11	2	2  1	1  2	1
sub-03	5	12	2	2  4	1  2	0.5
sub-03	6	1	1	3	1	0
sub-03	6	2	3	2  3	1  2  3	0.666666666666667
sub-03	6	3	1	3	1	0
sub-03	6	4	1	4	1	0
sub-03	6	5	1	1	1	1
sub-03	6	6	1	2	1	0
sub-03	6	7	2	4  3	1  2	0
sub-03	6	8	1	3	1	0
sub-03	6	9	1	2	1	0
sub-03	6	10	1	4	1	0
sub-03	6	11	2	1  4	1  2	0.5
sub-03	6	12	2	3  2	1  2	0.5
sub-04	1	1	1	4	1	0
sub-04	1	2	1	3	1	0
sub-04	1	3	3	1  2  3	1  2  3	1
sub-04	1	4	1	1	1	1
sub-04	1	5	1	1	1	1
sub-04	1	6	1	1	1	1
sub-04	1	7	1	2	1	0
sub-04	1	8	1	1	1	1
sub-04	1	9	2	4  3  1  2	1  2	1
sub-04	1	10	1	1	1	1
sub-04	1	11	3	3  1  4	1  2  3	0.666666666666667
sub-04	1	12	4	2  3  4	1  2  3  4	0.75
sub-04	2	1	1	2	1	0
sub-04	2	2	3	2  3  1	1  2  3	1
sub-04	2	3	1	2	1	0
sub-04	2	4	1	1	1	1
sub-04	2	5	1	3	1	0
sub-04	2	6	1	2	1	0
sub-04	2	7	1	1	1	1
sub-04	2	8	2	4  3  2	1  2	0.5
sub-04	2	9	1	4	1	0
sub-04	2	10	1	2	1	0
sub-04	2	11	1	1	1	1
sub-04	2	12	3	2  1  3	1  2  3	1
sub-04	3	1	1	1	1	1
sub-04	3	2	3	4  2  1  3	1  2  3	1
sub-04	3	3	1	1	1	1
sub-04	3	4	1	1	1	1
sub-04	3	5	1	1	1	1
sub-04	3	6	1	2	1	0
sub-04	3	7	1	1	1	1
sub-04	3	8	3	2  1	1  2  3	0.666666666666667
sub-04	3	9	1	3	1	0
sub-04	3	10	1	3	1	0
sub-04	3	11	1	3	1	0
sub-04	3	12	1	1	1	1
sub-04	4	1	3	1  2  3	1  2  3	1
sub-04	4	2	1	4	1	0
sub-04	4	3	1	4	1	0
sub-04	4	4	1	1	1	1
sub-04	4	5	1	2	1	0
sub-04	4	6	1	1	1	1
sub-04	4	7	2	4  1  2	1  2	1
sub-04	4	8	1	4	1	0
sub-04	4	9	1	1	1	1
sub-04	4	10	1	1	1	1
sub-04	4	11	1	1	1	1
sub-04	4	12	1	3	1	0
sub-04	5	1	3	2  3  1	1  2  3	1
sub-04	5	2	1	1	1	1
sub-04	5	3	1	1	1	1
sub-04	5	4	1	1	1	1
sub-04	5	5	1	1	1	1
sub-04	5	6	1	2	1	0
sub-04	5	7	2	2  4	1  2	0.5
sub-04	5	8	1	3	1	0
sub-04	5	9	1	4	1	0
sub-04	5	10	1	3	1	0
sub-04	5	11	2	1  2	1  2	1
sub-04	5	12	2	1	1  2	0.5
sub-04	6	1	1	1	1	1
sub-04	6	2	3	1  4  3  2	1  2  3	1
sub-04	6	3	1	1	1	1
sub-04	6	4	1	1	1	1
sub-04	6	5	1	1	1	1
sub-04	6	6	1	1	1	1
sub-04	6	7	2	3  2  1	1  2	1
sub-04	6	8	1	2	1	0
sub-04	6	9	1	1	1	1
sub-04	6	10	1	1	1	1
sub-04	6	11	2	2	1  2	0.5
sub-04	6	12	2	4  1	1  2	0.5
sub-05	1	1	1	4	1	0
sub-05	1	2	1	1	1	1
sub-05	1	3	3	4	1  2  3	0
sub-05	1	4	1	1	1	1
sub-05	1	5	1	4	1	0
sub-05	1	6	1	3	1	0
sub-05	1	7	1	2	1	0
sub-05	1	8	1	2	1	0
sub-05	1	9	2	2	1  2	0.5
sub-05	1	10	1	2	1	0
sub-05	1	11	3	3	1  2  3	0.333333333333333
sub-05	1	12	4	1	1  2  3  4	0.25
sub-05	2	1	1	1	1	1
sub-05	2	2	3	2  1	1  2  3	0.666666666666667
sub-05	2	3	1	3	1	0
sub-05	2	4	1	2	1	0
sub-05	2	5	1	2	1	0
sub-05	2	6	1	1	1	1
sub-05	2	7	1	1	1	1
sub-05	2	8	2	4	1  2	0
sub-05	2	9	1	4	1	0
sub-05	2	10	1	1	1	1
sub-05	2	11	1	3	1	0
sub-05	2	12	3	3	1  2  3	0.333333333333333
sub-05	3	1	1	2	1	0
sub-05	3	2	3	3	1  2  3	0.333333333333333
sub-05	3	3	1	1	1	1
sub-05	3	4	1	2	1	0
sub-05	3	5	1	2	1	0
sub-05	3	6	1	1	1	1
sub-05	3	7	1	1	1	1
sub-05	3	8	3	1	1  2  3	0.333333333333333
sub-05	3	9	1	1	1	1
sub-05	3	10	1	3	1	0
sub-05	3	11	1	3	1	0
sub-05	3	12	1	2	1	0
sub-05	4	1	3	3	1  2  3	0.333333333333333
sub-05	4	2	1	4	1	0
sub-05	4	3	1	3	1	0
sub-05	4	4	1	2	1	0
sub-05	4	5	1	4	1	0
sub-05	4	6	1	4	1	0
sub-05	4	7	2	4	1  2	0
sub-05	4	8	1	1	1	1
sub-05	4	9	1	3	1	0
sub-05	4	10	1	4	1	0
sub-05	4	11	1	2	1	0
sub-05	4	12	1	3	1	0
sub-05	5	1	3	3	1  2  3	0.333333333333333
sub-05	5	2	1	1	1	1
sub-05	5	3	1	3	1	0
sub-05	5	4	1	3	1	0
sub-05	5	5	1	3	1	0
sub-05	5	6	1	1	1	1
sub-05	5	7	2	1  2	1  2	1
sub-05	5	8	1	2	1	0
sub-05	5	9	1	3	1	0
sub-05	5	10	1	4	1	0
sub-05	5	11	2	4	1  2	0
sub-05	5	12	2	2	1  2	0.5
sub-05	6	1	1	3	1	0
sub-05	6	2	3	2	1  2  3	0.333333333333333
sub-05	6	3	1	3	1	0
sub-05	6	4	1	2	1	0
sub-05	6	5	1	4	1	0
sub-05	6	6	1	1	1	1
sub-05	6	7	2	4	1  2	0
sub-05	6	8	1	2	1	0
sub-05	6	9	1	4	1	0
sub-05	6	10	1	3	1	0
sub-05	6	11	2	4	1  2	0
sub-05	6	12	2	1	1  2	0.5
sub-06	1	1	1	4	1	0
sub-06	1	2	1	4	1	0
sub-06	1	3	3	4  1	1  2  3	0.333333333333333
sub-06	1	4	1	2	1	0
sub-06	1	5	1	1	1	1
sub-06	1	6	1	1	1	1
sub-06	1	7	1	3	1	0
sub-06	1	8	1	1	1	1
sub-06	1	9	2	4  2	1  2	0.5
sub-06	1	10	1	3	1	0
sub-06	1	11	3	2	1  2  3	0.333333333333333
sub-06	1	12	4	4	1  2  3  4	0.25
sub-06	2	1	1	1	1	1
sub-06	2	2	3	1	1  2  3	0.333333333333333
sub-06	2	3	1	1	1	1
sub-06	2	4	1	2	1	0
sub-06	2	5	1	3	1	0
sub-06	2	6	1	4	1	0
sub-06	2	7	1	1	1	1
sub-06	2	8	2	4  1  3	1  2	0.5
sub-06	2	9	1	4	1	0
sub-06	2	10	1	1	1	1
sub-06	2	11	1	1	1	1
sub-06	2	12	3	3	1  2  3	0.333333333333333
sub-06	3	1	1	4	1	0
sub-06	3	2	3	1	1  2  3	0.333333333333333
sub-06	3	3	1	2	1	0
sub-06	3	4	1	2	1	0
sub-06	3	5	1	3	1	0
sub-06	3	6	1	2	1	0
sub-06	3	7	1	2	1	0
sub-06	3	8	3	1	1  2  3	0.333333333333333
sub-06	3	9	1	1	1	1
sub-06	3	10	1	1	1	1
sub-06	3	11	1	1	1	1
sub-06	3	12	1	3	1	0
sub-06	4	1	3	3	1  2  3	0.333333333333333
sub-06	4	2	1	4	1	0
sub-06	4	3	1	4	1	0
sub-06	4	4	1	2	1	0
sub-06	4	5	1	4	1	0
sub-06	4	6	1	1	1	1
sub-06	4	7	2	4  3	1  2	0
sub-06	4	8	1	1	1	1
sub-06	4	9	1	4	1	0
sub-06	4	10	1	1	1	1
sub-06	4	11	1	4	1	0
sub-06	4	12	1	1	1	1
sub-06	5	1	3	1	1  2  3	0.333333333333333
sub-06	5	2	1	1	1	1
sub-06	5	3	1	3	1	0
sub-06	5	4	1	2	1	0
sub-06	5	5	1	1	1	1
sub-06	5	6	1	1	1	1
sub-06	5	7	2	2  4  1	1  2	1
sub-06	5	8	1	2	1	0
sub-06	5	9	1	1	1	1
sub-06	5	10	1	3	1	0
sub-06	5	11	2	1	1  2	0.5
sub-06	5	12	2	2	1  2	0.5
sub-06	6	1	1	1	1	1
sub-06	6	2	3	1  3  2	1  2  3	1
sub-06	6	3	1	1	1	1
sub-06	6	4	1	1	1	1
sub-06	6	5	1	1	1	1
sub-06	6	6	1	1	1	1
sub-06	6	7	2	4	1  2	0
sub-06	6	8	1	2	1	0
sub-06	6	9	1	4	1	0
sub-06	6	10	1	2	1	0
sub-06	6	11	2	3	1  2	0
sub-06	6	12	2	4	1  2	0
sub-07	1	1	1	2	1	0
sub-07	1	2	1	3	1	0
sub-07	1	3	3	2  1	1  2  3	0.666666666666667
sub-07	1	4	1	2	1	0
sub-07	1	5	1	1	1	1
sub-07	1	6	1	3	1	0
sub-07	1	7	1	1	1	1
sub-07	1	8	1	1	1	1
sub-07	1	9	2	1  4	1  2	0.5
sub-07	1	10	1	1	1	1
sub-07	1	11	3	1	1  2  3	0.333333333333333
sub-07	1	12	4	2  4  3  1	1  2  3  4	1
sub-07	2	1	1	1	1	1
sub-07	2	2	3	1	1  2  3	0.333333333333333
sub-07	2	3	1	1	1	1
sub-07	2	4	1	2	1	0
sub-07	2	5	1	4	1	0
sub-07	2	6	1	1	1	1
sub-07	2	7	1	1	1	1
sub-07	2	8	2	3  4	1  2	0
sub-07	2	9	1	4	1	0
sub-07	2	10	1	1	1	1
sub-07	2	11	1	1	1	1
sub-07	2	12	3	1  4  2	1  2  3	0.666666666666667
sub-07	3	1	1	1	1	1
sub-07	3	2	3	3  2  4  1	1  2  3	1
sub-07	3	3	1	1	1	1
sub-07	3	4	1	1	1	1
sub-07	3	5	1	3	1	0
sub-07	3	6	1	4	1	0
sub-07	3	7	1	1	1	1
sub-07	3	8	3	2  1	1  2  3	0.666666666666667
sub-07	3	9	1	1	1	1
sub-07	3	10	1	1	1	1
sub-07	3	11	1	1	1	1
sub-07	3	12	1	4	1	0
sub-07	4	1	3	1  3	1  2  3	0.666666666666667
sub-07	4	2	1	4	1	0
sub-07	4	3	1	1	1	1
sub-07	4	4	1	1	1	1
sub-07	4	5	1	1	1	1
sub-07	4	6	1	4	1	0
sub-07	4	7	2	1	1  2	0.5
sub-07	4	8	1	4	1	0
sub-07	4	9	1	1	1	1
sub-07	4	10	1	1	1	1
sub-07	4	11	1	1	1	1
sub-07	4	12	1	1	1	1
sub-07	5	1	3	3  2	1  2  3	0.666666666666667
sub-07	5	2	1	3	1	0
sub-07	5	3	1	3	1	0
sub-07	5	4	1	2	1	0
sub-07	5	5	1	2	1	0
sub-07	5	6	1	2	1	0
sub-07	5	7	2	1  2  4	1  2	1
sub-07	5	8	1	1	1	1
sub-07	5	9	1	2	1	0
sub-07	5	10	1	4	1	0
sub-07	5	11	2	2  3  1	1  2	1
sub-07	5	12	2	2  1	1  2	1
sub-07	6	1	1	1	1	1
sub-07	6	2	3	1  2  4  3	1  2  3	1
sub-07	6	3	1	1	1	1
sub-07	6	4	1	1	1	1
sub-07	6	5	1	3	1	0
sub-07	6	6	1	1	1	1
sub-07	6	7	2	3  1	1  2	0.5
sub-07	6	8	1	1	1	1
sub-07	6	9	1	1	1	1
sub-07	6	10	1	1	1	1
sub-07	6	11	2	2  1	1  2	1
sub-07	6	12	2	4	1  2	0
sub-08	1	1	1	1	1	1
sub-08	1	2	1	1	1	1
sub-08	1	3	3	1  4	1  2  3	0.333333333333333
sub-08	1	4	1	2	1	0
sub-08	1	5	1	1	1	1
sub-08	1	6	1	1	1	1
sub-08	1	7	1	1	1	1
sub-08	1	8	1	1	1	1
sub-08	1	9	2	1	1  2	0.5
sub-08	1	10	1	3	1	0
sub-08	1	11	3	1	1  2  3	0.333333333333333
sub-08	1	12	4	4  2  3	1  2  3  4	0.75
sub-08	2	1	1	1	1	1
sub-08	2	2	3	3  1	1  2  3	0.666666666666667
sub-08	2	3	1	4	1	0
sub-08	2	4	1	2	1	0
sub-08	2	5	1	1	1	1
sub-08	2	6	1	1	1	1
sub-08	2	7	1	3	1	0
sub-08	2	8	2	3	1  2	0
sub-08	2	9	1	1	1	1
sub-08	2	10	1	1	1	1
sub-08	2	11	1	1	1	1
sub-08	2	12	3	1  3  4	1  2  3	0.666666666666667
sub-08	3	1	1	2	1	0
sub-08	3	2	3	2  3  4  1	1  2  3	1
sub-08	3	3	1	2	1	0
sub-08	3	4	1	2	1	0
sub-08	3	5	1	2	1	0
sub-08	3	6	1	1	1	1
sub-08	3	7	1	2	1	0
sub-08	3	8	3	1  2	1  2  3	0.666666666666667
sub-08	3	9	1	1	1	1
sub-08	3	10	1	1	1	1
sub-08	3	11	1	1	1	1
sub-08	3	12	1	2	1	0
sub-08	4	1	3	1	1  2  3	0.333333333333333
sub-08	4	2	1	4	1	0
sub-08	4	3	1	1	1	1
sub-08	4	4	1	1	1	1
sub-08	4	5	1	4	1	0
sub-08	4	6	1	1	1	1
sub-08	4	7	2	1	1  2	0.5
sub-08	4	8	1	1	1	1
sub-08	4	9	1	3	1	0
sub-08	4	10	1	1	1	1
sub-08	4	11	1	1	1	1
sub-08	4	12	1	3	1	0
sub-08	5	1	3	3	1  2  3	0.333333333333333
sub-08	5	2	1	3	1	0
sub-08	5	3	1	3	1	0
sub-08	5	4	1	4	1	0
sub-08	5	5	1	3	1	0
sub-08	5	6	1	1	1	1
sub-08	5	7	2	1  3	1  2	0.5
sub-08	5	8	1	4	1	0
sub-08	5	9	1	1	1	1
sub-08	5	10	1	4	1	0
sub-08	5	11	2	2	1  2	0.5
sub-08	5	12	2	2  3	1  2	0.5
sub-08	6	1	1	1	1	1
sub-08	6	2	3	2  3  4	1  2  3	0.666666666666667
sub-08	6	3	1	2	1	0
sub-08	6	4	1	2	1	0
sub-08	6	5	1	2	1	0
sub-08	6	6	1	2	1	0
sub-08	6	7	2	1	1  2	0.5
sub-08	6	8	1	4	1	0
sub-08	6	9	1	3	1	0
sub-08	6	10	1	2	1	0
sub-08	6	11	2	4	1  2	0
sub-08	6	12	2	3	1  2	0
sub-09	1	1	1	2	1	0
sub-09	1	2	1	3	1	0
sub-09	1	3	3	4	1  2  3	0
sub-09	1	4	1	1	1	1
sub-09	1	5	1	2	1	0
sub-09	1	6	1	2	1	0
sub-09	1	7	1	2	1	0
sub-09	1	8	1	3	1	0
sub-09	1	9	2	1	1  2	0.5
sub-09	1	10	1	3	1	0
sub-09	1	11	3	1	1  2  3	0.333333333333333
sub-09	1	12	4	1	1  2  3  4	0.25
sub-09	2	1	1	4	1	0
sub-09	2	2	3	3	1  2  3	0.333333333333333
sub-09	2	3	1	2	1	0
sub-09	2	4	1	1	1	1
sub-09	2	5	1	4	1	0
sub-09	2	6	1	3	1	0
sub-09	2	7	1	1	1	1
sub-09	2	8	2	4	1  2	0
sub-09	2	9	1	4	1	0
sub-09	2	10	1	1	1	1
sub-09	2	11	1	1	1	1
sub-09	2	12	3	2	1  2  3	0.333333333333333
sub-09	3	1	1	3	1	0
sub-09	3	2	3	4	1  2  3	0
sub-09	3	3	1	1	1	1
sub-09	3	4	1	2	1	0
sub-09	3	5	1	1	1	1
sub-09	3	6	1	2	1	0
sub-09	3	7	1	2	1	0
sub-09	3	8	3	4	1  2  3	0
sub-09	3	9	1	2	1	0
sub-09	3	10	1	1	1	1
sub-09	3	11	1	1	1	1
sub-09	3	12	1	2	1	0
sub-09	4	1	3	1	1  2  3	0.333333333333333
sub-09	4	2	1	4	1	0
sub-09	4	3	1	1	1	1
sub-09	4	4	1	2	1	0
sub-09	4	5	1	4	1	0
sub-09	4	6	1	1	1	1
sub-09	4	7	2	3	1  2	0
sub-09	4	8	1	2	1	0
sub-09	4	9	1	1	1	1
sub-09	4	10	1	4	1	0
sub-09	4	11	1	2	1	0
sub-09	4	12	1	3	1	0
sub-09	5	1	3	3	1  2  3	0.333333333333333
sub-09	5	2	1	1	1	1
sub-09	5	3	1	4	1	0
sub-09	5	4	1	3	1	0
sub-09	5	5	1	1	1	1
sub-09	5	6	1	1	1	1
sub-09	5	7	2	2  4	1  2	0.5
sub-09	5	8	1	2	1	0
sub-09	5	9	1	1	1	1
sub-09	5	10	1	1	1	1
sub-09	5	11	2	1	1  2	0.5
sub-09	5	12	2	3	1  2	0
sub-09	6	1	1	4	1	0
sub-09	6	2	3	3	1  2  3	0.333333333333333
sub-09	6	3	1	1	1	1
sub-09	6	4	1	2	1	0
sub-09	6	5	1	4	1	0
sub-09	6	6	1	4	1	0
sub-09	6	7	2	4	1  2	0
sub-09	6	8	1	1	1	1
sub-09	6	9	1	2	1	0
sub-09	6	10	1	2	1	0
sub-09	6	11	2	2	1  2	0.5
sub-09	6	12	2	1	1  2	0.5
sub-10	1	1	1	3	1	0
sub-10	1	2	1	1	1	1
sub-10	1	3	3	3  2  1	1  2  3	1
sub-10	1	4	1	1	1	1
sub-10	1	5	1	1	1	1
sub-10	1	6	1	3	1	0
sub-10	1	7	1	2	1	0
sub-10	1	8	1	4	1	0
sub-10	1	9	2	4  1  2	1  2	1
sub-10	1	10	1	1	1	1
sub-10	1	11	3	2  1	1  2  3	0.666666666666667
sub-10	1	12	4	2  4  3	1  2  3  4	0.75
sub-10	2	1	1	1	1	1
sub-10	2	2	3	1	1  2  3	0.333333333333333
sub-10	2	3	1	1	1	1
sub-10	2	4	1	1	1	1
sub-10	2	5	1	1	1	1
sub-10	2	6	1	1	1	1
sub-10	2	7	1	1	1	1
sub-10	2	8	2	3	1  2	0
sub-10	2	9	1	1	1	1
sub-10	2	10	1	1	1	1
sub-10	2	11	1	1	1	1
sub-10	2	12	3	3  2  1	1  2  3	1
sub-10	3	1	1	1	1	1
sub-10	3	2	3	2  3  1	1  2  3	1
sub-10	3	3	1	1	1	1
sub-10	3	4	1	1	1	1
sub-10	3	5	1	1	1	1
sub-10	3	6	1	4	1	0
sub-10	3	7	1	1	1	1
sub-10	3	8	3	1  2	1  2  3	0.666666666666667
sub-10	3	9	1	1	1	1
sub-10	3	10	1	1	1	1
sub-10	3	11	1	3	1	0
sub-10	3	12	1	3	1	0
sub-10	4	1	3	1  3	1  2  3	0.666666666666667
sub-10	4	2	1	1	1	1
sub-10	4	3	1	4	1	0
sub-10	4	4	1	1	1	1
sub-10	4	5	1	1	1	1
sub-10	4	6	1	1	1	1
sub-10	4	7	2	1  3  2	1  2	1
sub-10	4	8	1	4	1	0
sub-10	4	9	1	1	1	1
sub-10	4	10	1	1	1	1
sub-10	4	11	1	1	1	1
sub-10	4	12	1	1	1	1
sub-10	5	1	3	3  2  1	1  2  3	1
sub-10	5	2	1	1	1	1
sub-10	5	3	1	1	1	1
sub-10	5	4	1	2	1	0
sub-10	5	5	1	2	1	0
sub-10	5	6	1	1	1	1
sub-10	5	7	2	2  1	1  2	1
sub-10	5	8	1	3	1	0
sub-10	5	9	1	1	1	1
sub-10	5	10	1	4	1	0
sub-10	5	11	2	1  2	1  2	1
sub-10	5	12	2	2  1	1  2	1
sub-10	6	1	1	1	1	1
sub-10	6	2	3	1  3  2	1  2  3	1
sub-10	6	3	1	1	1	1
sub-10	6	4	1	1	1	1
sub-10	6	5	1	3	1	0
sub-10	6	6	1	1	1	1
sub-10	6	7	2	1  2	1  2	1
sub-10	6	8	1	2	1	0
sub-10	6	9	1	1	1	1
sub-10	6	10	1	3	1	0
sub-10	6	11	2	1  2	1  2	1
sub-10	6	12	2	1  4	1  2	0.5
sub-11	1	1	1	2	1	0
sub-11	1	2	1	1	1	1
sub-11	1	3	3	3  2  1	1  2  3	1
sub-11	1	4	1	1	1	1
sub-11	1	5	1	1	1	1
sub-11	1	6	1	3	1	0
sub-11	1	7	1	2	1	0
sub-11	1	8	1	4	1	0
sub-11	1	9	2	1	1  2	0.5
sub-11	1	10	1	1	1	1
sub-11	1	11	3	1	1  2  3	0.333333333333333
sub-11	1	12	4	4  1  3	1  2  3  4	0.75
sub-11	2	1	1	1	1	1
sub-11	2	2	3	2  3  1	1  2  3	1
sub-11	2	3	1	2	1	0
sub-11	2	4	1	3	1	0
sub-11	2	5	1	4	1	0
sub-11	2	6	1	1	1	1
sub-11	2	7	1	2	1	0
sub-11	2	8	2	3	1  2	0
sub-11	2	9	1	4	1	0
sub-11	2	10	1	2	1	0
sub-11	2	11	1	3	1	0
sub-11	2	12	3	1  4	1  2  3	0.333333333333333
sub-11	3	1	1	3	1	0
sub-11	3	2	3	1  3  4  2	1  2  3	1
sub-11	3	3	1	2	1	0
sub-11	3	4	1	1	1	1
sub-11	3	5	1	3	1	0
sub-11	3	6	1	2	1	0
sub-11	3	7	1	2	1	0
sub-11	3	8	3	2  1	1  2  3	0.666666666666667
sub-11	3	9	1	1	1	1
sub-11	3	10	1	1	1	1
sub-11	3	11	1	2	1	0
sub-11	3	12	1	4	1	0
sub-11	4	1	3	3  2  1	1  2  3	1
sub-11	4	2	1	2	1	0
sub-11	4	3	1	2	1	0
sub-11	4	4	1	1	1	1
sub-11	4	5	1	1	1	1
sub-11	4	6	1	2	1	0
sub-11	4	7	2	2  3  4	1  2	0.5
sub-11	4	8	1	2	1	0
sub-11	4	9	1	3	1	0
sub-11	4	10	1	3	1	0
sub-11	4	11	1	4	1	0
sub-11	4	12	1	3	1	0
sub-11	5	1	3	1  4  2  3	1  2  3	1
sub-11	5	2	1	1	1	1
sub-11	5	3	1	3	1	0
sub-11	5	4	1	1	1	1
sub-11	5	5	1	1	1	1
sub-11	5	6	1	2	1	0
sub-11	5	7	2	1  3  2	1  2	1
sub-11	5	8	1	2	1	0
sub-11	5	9	1	3	1	0
sub-11	5	10	1	2	1	0
sub-11	5	11	2	2	1  2	0.5
sub-11	5	12	2	2	1  2	0.5
sub-11	6	1	1	1	1	1
sub-11	6	2	3	2  1	1  2  3	0.666666666666667
sub-11	6	3	1	2	1	0
sub-11	6	4	1	2	1	0
sub-11	6	5	1	2	1	0
sub-11	6	6	1	2	1	0
sub-11	6	7	2	1  3	1  2	0.5
sub-11	6	8	1	1	1	1
sub-11	6	9	1	4	1	0
sub-11	6	10	1	1	1	1
sub-11	6	11	2	1  2	1  2	1
sub-11	6	12	2	1  2	1  2	1
sub-12	1	1	1	3	1	0
sub-12	1	2	1	2	1	0
sub-12	1	3	3	4	1  2  3	0
sub-12	1	4	1	1	1	1
sub-12	1	5	1	3	1	0
sub-12	1	6	1	1	1	1
sub-12	1	7	1	3	1	0
sub-12	1	8	1	3	1	0
sub-12	1	9	2	2	1  2	0.5
sub-12	1	10	1	3	1	0
sub-12	1	11	3	4	1  2  3	0
sub-12	1	12	4	4	1  2  3  4	0.25
sub-12	2	1	1	1	1	1
sub-12	2	2	3	1  2	1  2  3	0.666666666666667
sub-12	2	3	1	3	1	0
sub-12	2	4	1	2	1	0
sub-12	2	5	1	1	1	1
sub-12	2	6	1	2	1	0
sub-12	2	7	1	2	1	0
sub-12	2	8	2	4	1  2	0
sub-12	2	9	1	4	1	0
sub-12	2	10	1	2	1	0
sub-12	2	11	1	1	1	1
sub-12	2	12	3	2  1	1  2  3	0.666666666666667
sub-12	3	1	1	1	1	1
sub-12	3	2	3	3  2	1  2  3	0.666666666666667
sub-12	3	3	1	1	1	1
sub-12	3	4	1	1	1	1
sub-12	3	5	1	1	1	1
sub-12	3	6	1	4	1	0
sub-12	3	7	1	1	1	1
sub-12	3	8	3	1	1  2  3	0.333333333333333
sub-12	3	9	1	1	1	1
sub-12	3	10	1	1	1	1
sub-12	3	11	1	2	1	0
sub-12	3	12	1	1	1	1
sub-12	4	1	3	3  1	1  2  3	0.666666666666667
sub-12	4	2	1	2	1	0
sub-12	4	3	1	1	1	1
sub-12	4	4	1	2	1	0
sub-12	4	5	1	1	1	1
sub-12	4	6	1	3	1	0
sub-12	4	7	2	2  1	1  2	1
sub-12	4	8	1	3	1	0
sub-12	4	9	1	1	1	1
sub-12	4	10	1	1	1	1
sub-12	4	11	1	1	1	1
sub-12	4	12	1	1	1	1
sub-12	5	1	3	4  3	1  2  3	0.333333333333333
sub-12	5	2	1	2	1	0
sub-12	5	3	1	3	1	0
sub-12	5	4	1	3	1	0
sub-12	5	5	1	2	1	0
sub-12	5	6	1	1	1	1
sub-12	5	7	2	3  4  2	1  2	0.5
sub-12	5	8	1	2	1	0
sub-12	5	9	1	1	1	1
sub-12	5	10	1	4	1	0
sub-12	5	11	2	1	1  2	0.5
sub-12	5	12	2	1	1  2	0.5
sub-12	6	1	1	2	1	0
sub-12	6	2	3	3  2  1	1  2  3	1
sub-12	6	3	1	1	1	1
sub-12	6	4	1	1	1	1
sub-12	6	5	1	3	1	0
sub-12	6	6	1	3	1	0
sub-12	6	7	2	2  1	1  2	1
sub-12	6	8	1	1	1	1
sub-12	6	9	1	4	1	0
sub-12	6	10	1	1	1	1
sub-12	6	11	2	2  1	1  2	1
sub-12	6	12	2	2  4	1  2	0.5
sub-13	1	1	1	1	1	1
sub-13	1	2	1	2	1	0
sub-13	1	3	3	2  3  1	1  2  3	1
sub-13	1	4	1	1	1	1
sub-13	1	5	1	1	1	1
sub-13	1	6	1	3	1	0
sub-13	1	7	1	2	1	0
sub-13	1	8	1	1	1	1
sub-13	1	9	2	1	1  2	0.5
sub-13	1	10	1	1	1	1
sub-13	1	11	3	2  4	1  2  3	0.333333333333333
sub-13	1	12	4	4  3	1  2  3  4	0.5
sub-13	2	1	1	1	1	1
sub-13	2	2	3	3  1  2	1  2  3	1
sub-13	2	3	1	1	1	1
sub-13	2	4	1	1	1	1
sub-13	2	5	1	1	1	1
sub-13	2	6	1	1	1	1
sub-13	2	7	1	1	1	1
sub-13	2	8	2	3  4	1  2	0
sub-13	2	9	1	1	1	1
sub-13	2	10	1	1	1	1
sub-13	2	11	1	1	1	1
sub-13	2	12	3	3  1	1  2  3	0.666666666666667
sub-13	3	1	1	3	1	0
sub-13	3	2	3	2  1	1  2  3	0.666666666666667
sub-13	3	3	1	3	1	0
sub-13	3	4	1	1	1	1
sub-13	3	5	1	3	1	0
sub-13	3	6	1	2	1	0
sub-13	3	7	1	1	1	1
sub-13	3	8	3	1	1  2  3	0.333333333333333
sub-13	3	9	1	4	1	0
sub-13	3	10	1	1	1	1
sub-13	3	11	1	3	1	0
sub-13	3	12	1	1	1	1
sub-13	4	1	3	1  3	1  2  3	0.666666666666667
sub-13	4	2	1	4	1	0
sub-13	4	3	1	1	1	1
sub-13	4	4	1	1	1	1
sub-13	4	5	1	2	1	0
sub-13	4	6	1	4	1	0
sub-13	4	7	2	1	1  2	0.5
sub-13	4	8	1	3	1	0
sub-13	4	9	1	1	1	1
sub-13	4	10	1	1	1	1
sub-13	4	11	1	4	1	0
sub-13	4	12	1	1	1	1
sub-13	5	1	3	3	1  2  3	0.333333333333333
sub-13	5	2	1	3	1	0
sub-13	5	3	1	3	1	0
sub-13	5	4	1	3	1	0
sub-13	5	5	1	3	1	0
sub-13	5	6	1	3	1	0
sub-13	5	7	2	1  4  2	1  2	1
sub-13	5	8	1	1	1	1
sub-13	5	9	1	2	1	0
sub-13	5	10	1	3	1	0
sub-13	5	11	2	2	1  2	0.5
sub-13	5	12	2	2  1	1  2	1
sub-13	6	1	1	3	1	0
sub-13	6	2	3	2  3  4	1  2  3	0.666666666666667
sub-13	6	3	1	1	1	1
sub-13	6	4	1	3	1	0
sub-13	6	5	1	1	1	1
sub-13	6	6	1	3	1	0
sub-13	6	7	2	2  1	1  2	1
sub-13	6	8	1	2	1	0
sub-13	6	9	1	3	1	0
sub-13	6	10	1	1	1	1
sub-13	6	11	2	1  4	1  2	0.5
sub-13	6	12	2	1	1  2	0.5
sub-14	1	1	1	4	1	0
sub-14	1	2	1	1	1	1
sub-14	1	3	3	4	1  2  3	0
sub-14	1	4	1	4	1	0
sub-14	1	5	1	1	1	1
sub-14	1	6	1	1	1	1
sub-14	1	7	1	2	1	0
sub-14	1	8	1	3	1	0
sub-14	1	9	2	2	1  2	0.5
sub-14	1	10	1	4	1	0
sub-14	1	11	3	3	1  2  3	0.333333333333333
sub-14	1	12	4	3  1  4	1  2  3  4	0.75
sub-14	2	1	1	3	1	0
sub-14	2	2	3	1	1  2  3	0.333333333333333
sub-14	2	3	1	4	1	0
sub-14	2	4	1	2	1	0
sub-14	2	5	1	3	1	0
sub-14	2	6	1	1	1	1
sub-14	2	7	1	3	1	0
sub-14	2	8	2	4	1  2	0
sub-14	2	9	1	1	1	1
sub-14	2	10	1	1	1	1
sub-14	2	11	1	3	1	0
sub-14	2	12	3	1  2  3	1  2  3	1
sub-14	3	1	1	3	1	0
sub-14	3	2	3	2  3	1  2  3	0.666666666666667
sub-14	3	3	1	3	1	0
sub-14	3	4	1	2	1	0
sub-14	3	5	1	4	1	0
sub-14	3	6	1	3	1	0
sub-14	3	7	1	1	1	1
sub-14	3	8	3	1	1  2  3	0.333333333333333
sub-14	3	9	1	4	1	0
sub-14	3	10	1	3	1	0
sub-14	3	11	1	3	1	0
sub-14	3	12	1	4	1	0
sub-14	4	1	3	3	1  2  3	0.333333333333333
sub-14	4	2	1	1	1	1
sub-14	4	3	1	3	1	0
sub-14	4	4	1	1	1	1
sub-14	4	5	1	2	1	0
sub-14	4	6	1	3	1	0
sub-14	4	7	2	4  1	1  2	0.5
sub-14	4	8	1	4	1	0
sub-14	4	9	1	1	1	1
sub-14	4	10	1	4	1	0
sub-14	4	11	1	2	1	0
sub-14	4	12	1	1	1	1
sub-14	5	1	3	1  4	1  2  3	0.333333333333333
sub-14	5	2	1	1	1	1
sub-14	5	3	1	3	1	0
sub-14	5	4	1	2	1	0
sub-14	5	5	1	1	1	1
sub-14	5	6	1	2	1	0
sub-14	5	7	2	4	1  2	0
sub-14	5	8	1	4	1	0
sub-14	5	9	1	3	1	0
sub-14	5	10	1	2	1	0
sub-14	5	11	2	4	1  2	0
sub-14	5	12	2	3	1  2	0
sub-14	6	1	1	2	1	0
sub-14	6	2	3	2	1  2  3	0.333333333333333
sub-14	6	3	1	1	1	1
sub-14	6	4	1	1	1	1
sub-14	6	5	1	3	1	0
sub-14	6	6	1	3	1	0
sub-14	6	7	2	4	1  2	0
sub-14	6	8	1	2	1	0
sub-14	6	9	1	3	1	0
sub-14	6	10	1	3	1	0
sub-14	6	11	2	3	1  2	0
sub-14	6	12	2	2	1  2	0.5
sub-15	1	1	1	1	1	1
sub-15	1	2	1	1	1	1
sub-15	1	3	3	2  4	1  2  3	0.333333333333333
sub-15	1	4	1	4	1	0
sub-15	1	5	1	1	1	1
sub-15	1	6	1	3	1	0
sub-15	1	7	1	3	1	0
sub-15	1	8	1	4	1	0
sub-15	1	9	2	3  1  4  2	1  2	1
sub-15	1	10	1	3	1	0
sub-15	1	11	3	2	1  2  3	0.333333333333333
sub-15	1	12	4	2  4  3  1	1  2  3  4	1
sub-15	2	1	1	1	1	1
sub-15	2	2	3	3	1  2  3	0.333333333333333
sub-15	2	3	1	1	1	1
sub-15	2	4	1	1	1	1
sub-15	2	5	1	3	1	0
sub-15	2	6	1	1	1	1
sub-15	2	7	1	1	1	1
sub-15	2	8	2	4  3  1  2	1  2	1
sub-15	2	9	1	4	1	0
sub-15	2	10	1	1	1	1
sub-15	2	11	1	1	1	1
sub-15	2	12	3	4  1	1  2  3	0.333333333333333
sub-15	3	1	1	1	1	1
sub-15	3	2	3	1  2  3	1  2  3	1
sub-15	3	3	1	2	1	0
sub-15	3	4	1	1	1	1
sub-15	3	5	1	3	1	0
sub-15	3	6	1	1	1	1
sub-15	3	7	1	1	1	1
sub-15	3	8	3	1	1  2  3	0.333333333333333
sub-15	3	9	1	1	1	1
sub-15	3	10	1	1	1	1
sub-15	3	11	1	1	1	1
sub-15	3	12	1	3	1	0
sub-15	4	1	3	2	1  2  3	0.333333333333333
sub-15	4	2	1	4	1	0
sub-15	4	3	1	4	1	0
sub-15	4	4	1	2	1	0
sub-15	4	5	1	1	1	1
sub-15	4	6	1	1	1	1
sub-15	4	7	2	1	1  2	0.5
sub-15	4	8	1	4	1	0
sub-15	4	9	1	1	1	1
sub-15	4	10	1	1	1	1
sub-15	4	11	1	1	1	1
sub-15	4	12	1	3	1	0
sub-15	5	1	3	4  3  2  1	1  2  3	1
sub-15	5	2	1	2	1	0
sub-15	5	3	1	2	1	0
sub-15	5	4	1	1	1	1
sub-15	5	5	1	2	1	0
sub-15	5	6	1	1	1	1
sub-15	5	7	2	2  3	1  2	0.5
sub-15	5	8	1	2	1	0
sub-15	5	9	1	1	1	1
sub-15	5	10	1	4	1	0
sub-15	5	11	2	2	1  2	0.5
sub-15	5	12	2	4	1  2	0
sub-15	6	1	1	1	1	1
sub-15	6	2	3	4  1  2  3	1  2  3	1
sub-15	6	3	1	1	1	1
sub-15	6	4	1	1	1	1
sub-15	6	5	1	3	1	0
sub-15	6	6	1	1	1	1
sub-15	6	7	2	4  2	1  2	0.5
sub-15	6	8	1	3	1	0
sub-15	6	9	1	2	1	0
sub-15	6	10	1	2	1	0
sub-15	6	11	2	1	1  2	0.5
sub-15	6	12	2	4	1  2	0
sub-16	1	1	1	1	1	1
sub-16	1	2	1	1	1	1
sub-16	1	3	3	4	1  2  3	0
sub-16	1	4	1	1	1	1
sub-16	1	5	1	4	1	0
sub-16	1	6	1	1	1	1
sub-16	1	7	1	1	1	1
sub-16	1	8	1	3	1	0
sub-16	1	9	2	3  1	1  2	0.5
sub-16	1	10	1	1	1	1
sub-16	1	11	3	3  2	1  2  3	0.666666666666667
sub-16	1	12	4	3  2  1	1  2  3  4	0.75
sub-16	2	1	1	1	1	1
sub-16	2	2	3	3  4  2	1  2  3	0.666666666666667
sub-16	2	3	1	4	1	0
sub-16	2	4	1	3	1	0
sub-16	2	5	1	4	1	0
sub-16	2	6	1	2	1	0
sub-16	2	7	1	1	1	1
sub-16	2	8	2	4  1  2	1  2	1
sub-16	2	9	1	4	1	0
sub-16	2	10	1	2	1	0
sub-16	2	11	1	4	1	0
sub-16	2	12	3	4  3	1  2  3	0.333333333333333
sub-16	3	1	1	1	1	1
sub-16	3	2	3	1  2	1  2  3	0.666666666666667
sub-16	3	3	1	2	1	0
sub-16	3	4	1	2	1	0
sub-16	3	5	1	2	1	0
sub-16	3	6	1	4	1	0
sub-16	3	7	1	1	1	1
sub-16	3	8	3	4  3  2	1  2  3	0.666666666666667
sub-16	3	9	1	3	1	0
sub-16	3	10	1	1	1	1
sub-16	3	11	1	2	1	0
sub-16	3	12	1	3	1	0
sub-16	4	1	3	4  1	1  2  3	0.333333333333333
sub-16	4	2	1	3	1	0
sub-16	4	3	1	1	1	1
sub-16	4	4	1	1	1	1
sub-16	4	5	1	2	1	0
sub-16	4	6	1	2	1	0
sub-16	4	7	2	4  3  2	1  2	0.5
sub-16	4	8	1	3	1	0
sub-16	4	9	1	2	1	0
sub-16	4	10	1	1	1	1
sub-16	4	11	1	4	1	0
sub-16	4	12	1	4	1	0
sub-16	5	1	3	3  2  1	1  2  3	1
sub-16	5	2	1	2	1	0
sub-16	5	3	1	4	1	0
sub-16	5	4	1	2	1	0
sub-16	5	5	1	2	1	0
sub-16	5	6	1	3	1	0
sub-16	5	7	2	3  4  1	1  2	0.5
sub-16	5	8	1	4	1	0
sub-16	5	9	1	2	1	0
sub-16	5	10	1	1	1	1
sub-16	5	11	2	4  3	1  2	0
sub-16	5	12	2	1  2  3	1  2	1
sub-16	6	1	1	1	1	1
sub-16	6	2	3	1  3  2  4	1  2  3	1
sub-16	6	3	1	4	1	0
sub-16	6	4	1	2	1	0
sub-16	6	5	1	3	1	0
sub-16	6	6	1	3	1	0
sub-16	6	7	2	2  4	1  2	0.5
sub-16	6	8	1	4	1	0
sub-16	6	9	1	1	1	1
sub-16	6	10	1	2	1	0
sub-16	6	11	2	4  3	1  2	0
sub-16	6	12	2	4  3	1  2	0
sub-17	1	1	1	4	1	0
sub-17	1	2	1	2	1	0
sub-17	1	3	3	2	1  2  3	0.333333333333333
sub-17	1	4	1	2	1	0
sub-17	1	5	1	1	1	1
sub-17	1	6	1	3	1	0
sub-17	1	7	1	2	1	0
sub-17	1	8	1	1	1	1
sub-17	1	9	2	4  1	1  2	0.5
sub-17	1	10	1	1	1	1
sub-17	1	11	3	1	1  2  3	0.333333333333333
sub-17	1	12	4	4  1  3	1  2  3  4	0.75
sub-17	2	1	1	1	1	1
sub-17	2	2	3	1  3	1  2  3	0.666666666666667
sub-17	2	3	1	1	1	1
sub-17	2	4	1	2	1	0
sub-17	2	5	1	2	1	0
sub-17	2	6	1	1	1	1
sub-17	2	7	1	1	1	1
sub-17	2	8	2	4  3	1  2	0
sub-17	2	9	1	1	1	1
sub-17	2	10	1	2	1	0
sub-17	2	11	1	1	1	1
sub-17	2	12	3	3  2  1	1  2  3	1
sub-17	3	1	1	4	1	0
sub-17	3	2	3	2  3  1	1  2  3	1
sub-17	3	3	1	2	1	0
sub-17	3	4	1	2	1	0
sub-17	3	5	1	1	1	1
sub-17	3	6	1	2	1	0
sub-17	3	7	1	2	1	0
sub-17	3	8	3	1  2	1  2  3	0.666666666666667
sub-17	3	9	1	1	1	1
sub-17	3	10	1	4	1	0
sub-17	3	11	1	2	1	0
sub-17	3	12	1	4	1	0
sub-17	4	1	3	3  2	1  2  3	0.666666666666667
sub-17	4	2	1	4	1	0
sub-17	4	3	1	1	1	1
sub-17	4	4	1	1	1	1
sub-17	4	5	1	4	1	0
sub-17	4	6	1	2	1	0
sub-17	4	7	2	1	1  2	0.5
sub-17	4	8	1	4	1	0
sub-17	4	9	1	1	1	1
sub-17	4	10	1	1	1	1
sub-17	4	11	1	3	1	0
sub-17	4	12	1	1	1	1
sub-17	5	1	3	1	1  2  3	0.333333333333333
sub-17	5	2	1	3	1	0
sub-17	5	3	1	3	1	0
sub-17	5	4	1	1	1	1
sub-17	5	5	1	2	1	0
sub-17	5	6	1	3	1	0
sub-17	5	7	2	4  2	1  2	0.5
sub-17	5	8	1	2	1	0
sub-17	5	9	1	1	1	1
sub-17	5	10	1	1	1	1
sub-17	5	11	2	1	1  2	0.5
sub-17	5	12	2	1	1  2	0.5
sub-17	6	1	1	2	1	0
sub-17	6	2	3	2  3	1  2  3	0.666666666666667
sub-17	6	3	1	2	1	0
sub-17	6	4	1	2	1	0
sub-17	6	5	1	2	1	0
sub-17	6	6	1	2	1	0
sub-17	6	7	2	2	1  2	0.5
sub-17	6	8	1	1	1	1
sub-17	6	9	1	4	1	0
sub-17	6	10	1	2	1	0
sub-17	6	11	2	4  3	1  2	0
sub-17	6	12	2	2	1  2	0.5
sub-18	1	1	1	4	1	0
sub-18	1	2	1	1	1	1
sub-18	1	3	3	1	1  2  3	0.333333333333333
sub-18	1	4	1	4	1	0
sub-18	1	5	1	1	1	1
sub-18	1	6	1	1	1	1
sub-18	1	7	1	2	1	0
sub-18	1	8	1	3	1	0
sub-18	1	9	2	4	1  2	0
sub-18	1	10	1	1	1	1
sub-18	1	11	3	1	1  2  3	0.333333333333333
sub-18	1	12	4	2  4  3	1  2  3  4	0.75
sub-18	2	1	1	1	1	1
sub-18	2	2	3	3	1  2  3	0.333333333333333
sub-18	2	3	1	3	1	0
sub-18	2	4	1	1	1	1
sub-18	2	5	1	3	1	0
sub-18	2	6	1	3	1	0
sub-18	2	7	1	1	1	1
sub-18	2	8	2	3  2  1	1  2	1
sub-18	2	9	1	4	1	0
sub-18	2	10	1	1	1	1
sub-18	2	11	1	1	1	1
sub-18	2	12	3	4  1  3	1  2  3	0.666666666666667
sub-18	3	1	1	1	1	1
sub-18	3	2	3	4  1  2  3	1  2  3	1
sub-18	3	3	1	1	1	1
sub-18	3	4	1	1	1	1
sub-18	3	5	1	3	1	0
sub-18	3	6	1	1	1	1
sub-18	3	7	1	1	1	1
sub-18	3	8	3	1	1  2  3	0.333333333333333
sub-18	3	9	1	1	1	1
sub-18	3	10	1	3	1	0
sub-18	3	11	1	2	1	0
sub-18	3	12	1	2	1	0
sub-18	4	1	3	3  2  1	1  2  3	1
sub-18	4	2	1	4	1	0
sub-18	4	3	1	3	1	0
sub-18	4	4	1	1	1	1
sub-18	4	5	1	4	1	0
sub-18	4	6	1	1	1	1
sub-18	4	7	2	1	1  2	0.5
sub-18	4	8	1	4	1	0
sub-18	4	9	1	1	1	1
sub-18	4	10	1	3	1	0
sub-18	4	11	1	4	1	0
sub-18	4	12	1	1	1	1
sub-18	5	1	3	1  3  2	1  2  3	1
sub-18	5	2	1	1	1	1
sub-18	5	3	1	3	1	0
sub-18	5	4	1	2	1	0
sub-18	5	5	1	1	1	1
sub-18	5	6	1	2	1	0
sub-18	5	7	2	3  4  1	1  2	0.5
sub-18	5	8	1	2	1	0
sub-18	5	9	1	2	1	0
sub-18	5	10	1	2	1	0
sub-18	5	11	2	4	1  2	0
sub-18	5	12	2	1  3  2	1  2	1
sub-18	6	1	1	4	1	0
sub-18	6	2	3	1  4  3  2	1  2  3	1
sub-18	6	3	1	1	1	1
sub-18	6	4	1	1	1	1
sub-18	6	5	1	3	1	0
sub-18	6	6	1	1	1	1
sub-18	6	7	2	1	1  2	0.5
sub-18	6	8	1	1	1	1
sub-18	6	9	1	1	1	1
sub-18	6	10	1	2	1	0
sub-18	6	11	2	4	1  2	0
sub-18	6	12	2	1  4	1  2	0.5
sub-19	1	1	1	3	1	0
sub-19	1	2	1	4	1	0
sub-19	1	3	3	4	1  2  3	0
sub-19	1	4	1	1	1	1
sub-19	1	5	1	1	1	1
sub-19	1	6	1	1	1	1
sub-19	1	7	1	2	1	0
sub-19	1	8	1	1	1	1
sub-19	1	9	2	2	1  2	0.5
sub-19	1	10	1	1	1	1
sub-19	1	11	3	1	1  2  3	0.333333333333333
sub-19	1	12	4	3  4	1  2  3  4	0.5
sub-19	2	1	1	3	1	0
sub-19	2	2	3	1  2	1  2  3	0.666666666666667
sub-19	2	3	1	1	1	1
sub-19	2	4	1	3	1	0
sub-19	2	5	1	3	1	0
sub-19	2	6	1	1	1	1
sub-19	2	7	1	1	1	1
sub-19	2	8	2	4	1  2	0
sub-19	2	9	1	1	1	1
sub-19	2	10	1	1	1	1
sub-19	2	11	1	3	1	0
sub-19	2	12	3	2  4	1  2  3	0.333333333333333
sub-19	3	1	1	2	1	0
sub-19	3	2	3	4  1  2  3	1  2  3	1
sub-19	3	3	1	3	1	0
sub-19	3	4	1	2	1	0
sub-19	3	5	1	2	1	0
sub-19	3	6	1	4	1	0
sub-19	3	7	1	2	1	0
sub-19	3	8	3	1  2	1  2  3	0.666666666666667
sub-19	3	9	1	1	1	1
sub-19	3	10	1	1	1	1
sub-19	3	11	1	1	1	1
sub-19	3	12	1	4	1	0
sub-19	4	1	3	1  2	1  2  3	0.666666666666667
sub-19	4	2	1	2	1	0
sub-19	4	3	1	3	1	0
sub-19	4	4	1	1	1	1
sub-19	4	5	1	2	1	0
sub-19	4	6	1	4	1	0
sub-19	4	7	2	4	1  2	0
sub-19	4	8	1	3	1	0
sub-19	4	9	1	2	1	0
sub-19	4	10	1	2	1	0
sub-19	4	11	1	2	1	0
sub-19	4	12	1	1	1	1
sub-19	5	1	3	3  4  1	1  2  3	0.666666666666667
sub-19	5	2	1	3	1	0
sub-19	5	3	1	3	1	0
sub-19	5	4	1	1	1	1
sub-19	5	5	1	1	1	1
sub-19	5	6	1	1	1	1
sub-19	5	7	2	2  4	1  2	0.5
sub-19	5	8	1	1	1	1
sub-19	5	9	1	1	1	1
sub-19	5	10	1	3	1	0
sub-19	5	11	2	4	1  2	0
sub-19	5	12	2	3	1  2	0
sub-19	6	1	1	3	1	0
sub-19	6	2	3	3  4  2	1  2  3	0.666666666666667
sub-19	6	3	1	4	1	0
sub-19	6	4	1	4	1	0
sub-19	6	5	1	1	1	1
sub-19	6	6	1	1	1	1
sub-19	6	7	2	4	1  2	0
sub-19	6	8	1	2	1	0
sub-19	6	9	1	3	1	0
sub-19	6	10	1	3	1	0
sub-19	6	11	2	4  1	1  2	0.5
sub-19	6	12	2	2	1  2	0.5
sub-20	1	1	1	4	1	0
sub-20	1	2	1	1	1	1
sub-20	1	3	3	2	1  2  3	0.333333333333333
sub-20	1	4	1	1	1	1
sub-20	1	5	1	3	1	0
sub-20	1	6	1	4	1	0
sub-20	1	7	1	2	1	0
sub-20	1	8	1	4	1	0
sub-20	1	9	2	3  4	1  2	0
sub-20	1	10	1	2	1	0
sub-20	1	11	3	1  3	1  2  3	0.666666666666667
sub-20	1	12	4	2  4	1  2  3  4	0.5
sub-20	2	1	1	1	1	1
sub-20	2	2	3	2	1  2  3	0.333333333333333
sub-20	2	3	1	3	1	0
sub-20	2	4	1	1	1	1
sub-20	2	5	1	4	1	0
sub-20	2	6	1	1	1	1
sub-20	2	7	1	2	1	0
sub-20	2	8	2	4  1  2  3	1  2	1
sub-20	2	9	1	2	1	0
sub-20	2	10	1	1	1	1
sub-20	2	11	1	3	1	0
sub-20	2	12	3	3  4  1	1  2  3	0.666666666666667
sub-20	3	1	1	4	1	0
sub-20	3	2	3	2  3  1  4	1  2  3	1
sub-20	3	3	1	1	1	1
sub-20	3	4	1	3	1	0
sub-20	3	5	1	3	1	0
sub-20	3	6	1	2	1	0
sub-20	3	7	1	1	1	1
sub-20	3	8	3	1	1  2  3	0.333333333333333
sub-20	3	9	1	3	1	0
sub-20	3	10	1	3	1	0
sub-20	3	11	1	2	1	0
sub-20	3	12	1	1	1	1
sub-20	4	1	3	2	1  2  3	0.333333333333333
sub-20	4	2	1	2	1	0
sub-20	4	3	1	2	1	0
sub-20	4	4	1	1	1	1
sub-20	4	5	1	3	1	0
sub-20	4	6	1	3	1	0
sub-20	4	7	2	3  2  4  1	1  2	1
sub-20	4	8	1	2	1	0
sub-20	4	9	1	1	1	1
sub-20	4	10	1	4	1	0
sub-20	4	11	1	3	1	0
sub-20	4	12	1	1	1	1
sub-20	5	1	3	3  1	1  2  3	0.666666666666667
sub-20	5	2	1	1	1	1
sub-20	5	3	1	3	1	0
sub-20	5	4	1	3	1	0
sub-20	5	5	1	3	1	0
sub-20	5	6	1	3	1	0
sub-20	5	7	2	2  1	1  2	1
sub-20	5	8	1	1	1	1
sub-20	5	9	1	3	1	0
sub-20	5	10	1	2	1	0
sub-20	5	11	2	3  2  1	1  2	1
sub-20	5	12	2	3  4  1	1  2	0.5
sub-20	6	1	1	1	1	1
sub-20	6	2	3	4  2  3	1  2  3	0.666666666666667
sub-20	6	3	1	2	1	0
sub-20	6	4	1	2	1	0
sub-20	6	5	1	3	1	0
sub-20	6	6	1	1	1	1
sub-20	6	7	2	3  4	1  2	0
sub-20	6	8	1	2	1	0
sub-20	6	9	1	1	1	1
sub-20	6	10	1	3	1	0
sub-20	6	11	2	3	1  2	0
sub-20	6	12	2	3	1  2	0
sub-21	1	1	1	4	1	0
sub-21	1	2	1	2	1	0
sub-21	1	3	3	4	1  2  3	0
sub-21	1	4	1	1	1	1
sub-21	1	5	1	1	1	1
sub-21	1	6	1	3	1	0
sub-21	1	7	1	2	1	0
sub-21	1	8	1	4	1	0
sub-21	1	9	2	1  4	1  2	0.5
sub-21	1	10	1	1	1	1
sub-21	1	11	3	1	1  2  3	0.333333333333333
sub-21	1	12	4	3  2  4	1  2  3  4	0.75
sub-21	2	1	1	1	1	1
sub-21	2	2	3	1  2	1  2  3	0.666666666666667
sub-21	2	3	1	3	1	0
sub-21	2	4	1	2	1	0
sub-21	2	5	1	1	1	1
sub-21	2	6	1	1	1	1
sub-21	2	7	1	4	1	0
sub-21	2	8	2	4  3	1  2	0
sub-21	2	9	1	1	1	1
sub-21	2	10	1	1	1	1
sub-21	2	11	1	1	1	1
sub-21	2	12	3	3  4  2	1  2  3	0.666666666666667
sub-21	3	1	1	1	1	1
sub-21	3	2	3	1  4  2  3	1  2  3	1
sub-21	3	3	1	1	1	1
sub-21	3	4	1	1	1	1
sub-21	3	5	1	3	1	0
sub-21	3	6	1	2	1	0
sub-21	3	7	1	1	1	1
sub-21	3	8	3	1	1  2  3	0.333333333333333
sub-21	3	9	1	1	1	1
sub-21	3	10	1	1	1	1
sub-21	3	11	1	3	1	0
sub-21	3	12	1	3	1	0
sub-21	4	1	3	2  3  1	1  2  3	1
sub-21	4	2	1	1	1	1
sub-21	4	3	1	4	1	0
sub-21	4	4	1	2	1	0
sub-21	4	5	1	4	1	0
sub-21	4	6	1	3	1	0
sub-21	4	7	2	4  2	1  2	0.5
sub-21	4	8	1	4	1	0
sub-21	4	9	1	1	1	1
sub-21	4	10	1	1	1	1
sub-21	4	11	1	1	1	1
sub-21	4	12	1	1	1	1
sub-21	5	1	3	3  1	1  2  3	0.666666666666667
sub-21	5	2	1	3	1	0
sub-21	5	3	1	3	1	0
sub-21	5	4	1	1	1	1
sub-21	5	5	1	1	1	1
sub-21	5	6	1	2	1	0
sub-21	5	7	2	1  2	1  2	1
sub-21	5	8	1	1	1	1
sub-21	5	9	1	4	1	0
sub-21	5	10	1	1	1	1
sub-21	5	11	2	2  1	1  2	1
sub-21	5	12	2	2	1  2	0.5
sub-21	6	1	1	1	1	1
sub-21	6	2	3	3  2  1	1  2  3	1
sub-21	6	3	1	2	1	0
sub-21	6	4	1	2	1	0
sub-21	6	5	1	2	1	0
sub-21	6	6	1	2	1	0
sub-21	6	7	2	1	1  2	0.5
sub-21	6	8	1	1	1	1
sub-21	6	9	1	1	1	1
sub-21	6	10	1	1	1	1
sub-21	6	11	2	4	1  2	0
sub-21	6	12	2	2	1  2	0.5
sub-22	1	1	1	2	1	0
sub-22	1	2	1	1	1	1
sub-22	1	3	3	2  1  3	1  2  3	1
sub-22	1	4	1	1	1	1
sub-22	1	5	1	1	1	1
sub-22	1	6	1	1	1	1
sub-22	1	7	1	2	1	0
sub-22	1	8	1	1	1	1
sub-22	1	9	2	1  2	1  2	1
sub-22	1	10	1	3	1	0
sub-22	1	11	3	2	1  2  3	0.333333333333333
sub-22	1	12	4	2  4  3	1  2  3  4	0.75
sub-22	2	1	1	1	1	1
sub-22	2	2	3	2	1  2  3	0.333333333333333
sub-22	2	3	1	4	1	0
sub-22	2	4	1	2	1	0
sub-22	2	5	1	1	1	1
sub-22	2	6	1	2	1	0
sub-22	2	7	1	4	1	0
sub-22	2	8	2	1  3  4  2	1  2	1
sub-22	2	9	1	4	1	0
sub-22	2	10	1	3	1	0
sub-22	2	11	1	1	1	1
sub-22	2	12	3	2  1  3  4	1  2  3	1
sub-22	3	1	1	3	1	0
sub-22	3	2	3	3  4  1  2	1  2  3	1
sub-22	3	3	1	4	1	0
sub-22	3	4	1	2	1	0
sub-22	3	5	1	1	1	1
sub-22	3	6	1	2	1	0
sub-22	3	7	1	3	1	0
sub-22	3	8	3	1	1  2  3	0.333333333333333
sub-22	3	9	1	1	1	1
sub-22	3	10	1	1	1	1
sub-22	3	11	1	2	1	0
sub-22	3	12	1	2	1	0
sub-22	4	1	3	1  3	1  2  3	0.666666666666667
sub-22	4	2	1	3	1	0
sub-22	4	3	1	4	1	0
sub-22	4	4	1	3	1	0
sub-22	4	5	1	1	1	1
sub-22	4	6	1	4	1	0
sub-22	4	7	2	1	1  2	0.5
sub-22	4	8	1	1	1	1
sub-22	4	9	1	1	1	1
sub-22	4	10	1	3	1	0
sub-22	4	11	1	1	1	1
sub-22	4	12	1	1	1	1
sub-22	5	1	3	1  2  3	1  2  3	1
sub-22	5	2	1	4	1	0
sub-22	5	3	1	3	1	0
sub-22	5	4	1	3	1	0
sub-22	5	5	1	1	1	1
sub-22	5	6	1	2	1	0
sub-22	5	7	2	1  2	1  2	1
sub-22	5	8	1	3	1	0
sub-22	5	9	1	4	1	0
sub-22	5	10	1	3	1	0
sub-22	5	11	2	3  1	1  2	0.5
sub-22	5	12	2	2  1	1  2	1
sub-22	6	1	1	3	1	0
sub-22	6	2	3	3  2  4	1  2  3	0.666666666666667
sub-22	6	3	1	2	1	0
sub-22	6	4	1	1	1	1
sub-22	6	5	1	3	1	0
sub-22	6	6	1	1	1	1
sub-22	6	7	2	1	1  2	0.5
sub-22	6	8	1	1	1	1
sub-22	6	9	1	1	1	1
sub-22	6	10	1	3	1	0
sub-22	6	11	2	4	1  2	0
sub-22	6	12	2	1	1  2	0.5
sub-23	1	1	1	4	1	0
sub-23	1	2	1	3	1	0
sub-23	1	3	3	2  4	1  2  3	0.333333333333333
sub-23	1	4	1	1	1	1
sub-23	1	5	1	1	1	1
sub-23	1	6	1	3	1	0
sub-23	1	7	1	1	1	1
sub-23	1	8	1	1	1	1
sub-23	1	9	2	1  2	1  2	1
sub-23	1	10	1	1	1	1
sub-23	1	11	3	4  1	1  2  3	0.333333333333333
sub-23	1	12	4	2  4	1  2  3  4	0.5
sub-23	2	1	1	1	1	1
sub-23	2	2	3	2	1  2  3	0.333333333333333
sub-23	2	3	1	2	1	0
sub-23	2	4	1	3	1	0
sub-23	2	5	1	1	1	1
sub-23	2	6	1	1	1	1
sub-23	2	7	1	2	1	0
sub-23	2	8	2	4  3	1  2	0
sub-23	2	9	1	4	1	0
sub-23	2	10	1	1	1	1
sub-23	2	11	1	3	1	0
sub-23	2	12	3	3  2	1  2  3	0.666666666666667
sub-23	3	1	1	3	1	0
sub-23	3	2	3	2  3  1  4	1  2  3	1
sub-23	3	3	1	4	1	0
sub-23	3	4	1	1	1	1
sub-23	3	5	1	3	1	0
sub-23	3	6	1	1	1	1
sub-23	3	7	1	1	1	1
sub-23	3	8	3	1  2	1  2  3	0.666666666666667
sub-23	3	9	1	3	1	0
sub-23	3	10	1	3	1	0
sub-23	3	11	1	3	1	0
sub-23	3	12	1	1	1	1
sub-23	4	1	3	2  3	1  2  3	0.666666666666667
sub-23	4	2	1	4	1	0
sub-23	4	3	1	3	1	0
sub-23	4	4	1	1	1	1
sub-23	4	5	1	4	1	0
sub-23	4	6	1	1	1	1
sub-23	4	7	2	1	1  2	0.5
sub-23	4	8	1	2	1	0
sub-23	4	9	1	1	1	1
sub-23	4	10	1	1	1	1
sub-23	4	11	1	2	1	0
sub-23	4	12	1	1	1	1
sub-23	5	1	3	2  1  3	1  2  3	1
sub-23	5	2	1	1	1	1
sub-23	5	3	1	1	1	1
sub-23	5	4	1	3	1	0
sub-23	5	5	1	3	1	0
sub-23	5	6	1	2	1	0
sub-23	5	7	2	2  1	1  2	1
sub-23	5	8	1	3	1	0
sub-23	5	9	1	2	1	0
sub-23	5	10	1	3	1	0
sub-23	5	11	2	2  1	1  2	1
sub-23	5	12	2	2  1	1  2	1
sub-23	6	1	1	1	1	1
sub-23	6	2	3	3  2  1	1  2  3	1
sub-23	6	3	1	2	1	0
sub-23	6	4	1	1	1	1
sub-23	6	5	1	1	1	1
sub-23	6	6	1	1	1	1
sub-23	6	7	2	1	1  2	0.5
sub-23	6	8	1	1	1	1
sub-23	6	9	1	3	1	0
sub-23	6	10	1	3	1	0
sub-23	6	11	2	2  4  1	1  2	1
sub-23	6	12	2	4	1  2	0
sub-24	1	1	1	2	1	0
sub-24	1	2	1	1	1	1
sub-24	1	3	3	4	1  2  3	0
sub-24	1	4	1	4	1	0
sub-24	1	5	1	3	1	0
sub-24	1	6	1	1	1	1
sub-24	1	7	1	2	1	0
sub-24	1	8	1	1	1	1
sub-24	1	9	2	4	1  2	0
sub-24	1	10	1	1	1	1
sub-24	1	11	3	1  2  3	1  2  3	1
sub-24	1	12	4	4  2	1  2  3  4	0.5
sub-24	2	1	1	1	1	1
sub-24	2	2	3	2  3  1	1  2  3	1
sub-24	2	3	1	3	1	0
sub-24	2	4	1	3	1	0
sub-24	2	5	1	1	1	1
sub-24	2	6	1	2	1	0
sub-24	2	7	1	1	1	1
sub-24	2	8	2	2  1  4	1  2	1
sub-24	2	9	1	4	1	0
sub-24	2	10	1	1	1	1
sub-24	2	11	1	3	1	0
sub-24	2	12	3	2  4  3  1	1  2  3	1
sub-24	3	1	1	1	1	1
sub-24	3	2	3	1  3  4  2	1  2  3	1
sub-24	3	3	1	1	1	1
sub-24	3	4	1	2	1	0
sub-24	3	5	1	2	1	0
sub-24	3	6	1	2	1	0
sub-24	3	7	1	1	1	1
sub-24	3	8	3	2  1	1  2  3	0.666666666666667
sub-24	3	9	1	1	1	1
sub-24	3	10	1	1	1	1
sub-24	3	11	1	1	1	1
sub-24	3	12	1	4	1	0
sub-24	4	1	3	3  1	1  2  3	0.666666666666667
sub-24	4	2	1	4	1	0
sub-24	4	3	1	2	1	0
sub-24	4	4	1	1	1	1
sub-24	4	5	1	1	1	1
sub-24	4	6	1	4	1	0
sub-24	4	7	2	3  4	1  2	0
sub-24	4	8	1	2	1	0
sub-24	4	9	1	1	1	1
sub-24	4	10	1	1	1	1
sub-24	4	11	1	1	1	1
sub-24	4	12	1	1	1	1
sub-24	5	1	3	1  4  3	1  2  3	0.666666666666667
sub-24	5	2	1	3	1	0
sub-24	5	3	1	3	1	0
sub-24	5	4	1	1	1	1
sub-24	5	5	1	1	1	1
sub-24	5	6	1	2	1	0
sub-24	5	7	2	3  4  1  2	1  2	1
sub-24	5	8	1	3	1	0
sub-24	5	9	1	4	1	0
sub-24	5	10	1	1	1	1
sub-24	5	11	2	2  1	1  2	1
sub-24	5	12	2	2	1  2	0.5
sub-24	6	1	1	1	1	1
sub-24	6	2	3	3  2  1	1  2  3	1
sub-24	6	3	1	1	1	1
sub-24	6	4	1	1	1	1
sub-24	6	5	1	3	1	0
sub-24	6	6	1	1	1	1
sub-24	6	7	2	1	1  2	0.5
sub-24	6	8	1	1	1	1
sub-24	6	9	1	1	1	1
sub-24	6	10	1	1	1	1
sub-24	6	11	2	2  1	1  2	1
sub-24	6	12	2	4	1  2	0
sub-25	1	1	1	2	1	0
sub-25	1	2	1	3	1	0
sub-25	1	3	3	3  2  1	1  2  3	1
sub-25	1	4	1	1	1	1
sub-25	1	5	1	1	1	1
sub-25	1	6	1	1	1	1
sub-25	1	7	1	2	1	0
sub-25	1	8	1	4	1	0
sub-25	1	9	2	1	1  2	0.5
sub-25	1	10	1	1	1	1
sub-25	1	11	3	1	1  2  3	0.333333333333333
sub-25	1	12	4	4  2  3	1  2  3  4	0.75
sub-25	2	1	1	1	1	1
sub-25	2	2	3	1	1  2  3	0.333333333333333
sub-25	2	3	1	2	1	0
sub-25	2	4	1	3	1	0
sub-25	2	5	1	1	1	1
sub-25	2	6	1	2	1	0
sub-25	2	7	1	1	1	1
sub-25	2	8	2	4  1	1  2	0.5
sub-25	2	9	1	3	1	0
sub-25	2	10	1	1	1	1
sub-25	2	11	1	1	1	1
sub-25	2	12	3	2	1  2  3	0.333333333333333
sub-25	3	1	1	1	1	1
sub-25	3	2	3	3  2  4  1	1  2  3	1
sub-25	3	3	1	1	1	1
sub-25	3	4	1	1	1	1
sub-25	3	5	1	3	1	0
sub-25	3	6	1	2	1	0
sub-25	3	7	1	1	1	1
sub-25	3	8	3	1	1  2  3	0.333333333333333
sub-25	3	9	1	1	1	1
sub-25	3	10	1	1	1	1
sub-25	3	11	1	3	1	0
sub-25	3	12	1	3	1	0
sub-25	4	1	3	1	1  2  3	0.333333333333333
sub-25	4	2	1	4	1	0
sub-25	4	3	1	2	1	0
sub-25	4	4	1	1	1	1
sub-25	4	5	1	1	1	1
sub-25	4	6	1	1	1	1
sub-25	4	7	2	2	1  2	0.5
sub-25	4	8	1	1	1	1
sub-25	4	9	1	1	1	1
sub-25	4	10	1	1	1	1
sub-25	4	11	1	1	1	1
sub-25	4	12	1	2	1	0
sub-25	5	1	3	1  2  3	1  2  3	1
sub-25	5	2	1	3	1	0
sub-25	5	3	1	2	1	0
sub-25	5	4	1	1	1	1
sub-25	5	5	1	1	1	1
sub-25	5	6	1	3	1	0
sub-25	5	7	2	4  1  3	1  2	0.5
sub-25	5	8	1	3	1	0
sub-25	5	9	1	1	1	1
sub-25	5	10	1	2	1	0
sub-25	5	11	2	1  2	1  2	1
sub-25	5	12	2	3  2	1  2	0.5
sub-25	6	1	1	1	1	1
sub-25	6	2	3	3  2  1	1  2  3	1
sub-25	6	3	1	1	1	1
sub-25	6	4	1	1	1	1
sub-25	6	5	1	3	1	0
sub-25	6	6	1	3	1	0
sub-25	6	7	2	1	1  2	0.5
sub-25	6	8	1	2	1	0
sub-25	6	9	1	1	1	1
sub-25	6	10	1	2	1	0
sub-25	6	11	2	3	1  2	0
sub-25	6	12	2	1	1  2	0.5
sub-26	1	1	1	1	1	1
sub-26	1	2	1	1	1	1
sub-26	1	3	3	2  1  3	1  2  3	1
sub-26	1	4	1	4	1	0
sub-26	1	5	1	1	1	1
sub-26	1	6	1	2	1	0
sub-26	1	7	1	1	1	1
sub-26	1	8	1	1	1	1
sub-26	1	9	2	3  2  1	1  2	1
sub-26	1	10	1	1	1	1
sub-26	1	11	3	2  1  3	1  2  3	1
sub-26	1	12	4	4  2  3	1  2  3  4	0.75
sub-26	2	1	1	1	1	1
sub-26	2	2	3	1	1  2  3	0.333333333333333
sub-26	2	3	1	1	1	1
sub-26	2	4	1	1	1	1
sub-26	2	5	1	3	1	0
sub-26	2	6	1	1	1	1
sub-26	2	7	1	1	1	1
sub-26	2	8	2	3  2  4	1  2	0.5
sub-26	2	9	1	1	1	1
sub-26	2	10	1	1	1	1
sub-26	2	11	1	1	1	1
sub-26	2	12	3	4  1  3	1  2  3	0.666666666666667
sub-26	3	1	1	3	1	0
sub-26	3	2	3	4  2  1	1  2  3	0.666666666666667
sub-26	3	3	1	2	1	0
sub-26	3	4	1	1	1	1
sub-26	3	5	1	3	1	0
sub-26	3	6	1	4	1	0
sub-26	3	7	1	1	1	1
sub-26	3	8	3	1  3	1  2  3	0.666666666666667
sub-26	3	9	1	3	1	0
sub-26	3	10	1	1	1	1
sub-26	3	11	1	2	1	0
sub-26	3	12	1	4	1	0
sub-26	4	1	3	1  2	1  2  3	0.666666666666667
sub-26	4	2	1	4	1	0
sub-26	4	3	1	4	1	0
sub-26	4	4	1	1	1	1
sub-26	4	5	1	1	1	1
sub-26	4	6	1	1	1	1
sub-26	4	7	2	2  1	1  2	1
sub-26	4	8	1	4	1	0
sub-26	4	9	1	1	1	1
sub-26	4	10	1	1	1	1
sub-26	4	11	1	4	1	0
sub-26	4	12	1	1	1	1
sub-26	5	1	3	1	1  2  3	0.333333333333333
sub-26	5	2	1	4	1	0
sub-26	5	3	1	3	1	0
sub-26	5	4	1	2	1	0
sub-26	5	5	1	2	1	0
sub-26	5	6	1	3	1	0
sub-26	5	7	2	1	1  2	0.5
sub-26	5	8	1	3	1	0
sub-26	5	9	1	2	1	0
sub-26	5	10	1	1	1	1
sub-26	5	11	2	3  4  2	1  2	0.5
sub-26	5	12	2	3	1  2	0
sub-26	6	1	1	1	1	1
sub-26	6	2	3	1  3  2	1  2  3	1
sub-26	6	3	1	1	1	1
sub-26	6	4	1	1	1	1
sub-26	6	5	1	1	1	1
sub-26	6	6	1	3	1	0
sub-26	6	7	2	3  4  2	1  2	0.5
sub-26	6	8	1	3	1	0
sub-26	6	9	1	3	1	0
sub-26	6	10	1	2	1	0
sub-26	6	11	2	3  1  4	1  2	0.5
sub-26	6	12	2	4  2	1  2	0.5
sub-27	1	1	1	3	1	0
sub-27	1	2	1	1	1	1
sub-27	1	3	3	4  1	1  2  3	0.333333333333333
sub-27	1	4	1	1	1	1
sub-27	1	5	1	3	1	0
sub-27	1	6	1	1	1	1
sub-27	1	7	1	1	1	1
sub-27	1	8	1	1	1	1
sub-27	1	9	2	3	1  2	0
sub-27	1	10	1	3	1	0
sub-27	1	11	3	2	1  2  3	0.333333333333333
sub-27	1	12	4	4  2	1  2  3  4	0.5
sub-27	2	1	1	1	1	1
sub-27	2	2	3	2	1  2  3	0.333333333333333
sub-27	2	3	1	1	1	1
sub-27	2	4	1	1	1	1
sub-27	2	5	1	4	1	0
sub-27	2	6	1	1	1	1
sub-27	2	7	1	1	1	1
sub-27	2	8	2	4	1  2	0
sub-27	2	9	1	4	1	0
sub-27	2	10	1	1	1	1
sub-27	2	11	1	1	1	1
sub-27	2	12	3	4	1  2  3	0
sub-27	3	1	1	4	1	0
sub-27	3	2	3	3  2  1	1  2  3	1
sub-27	3	3	1	2	1	0
sub-27	3	4	1	2	1	0
sub-27	3	5	1	2	1	0
sub-27	3	6	1	2	1	0
sub-27	3	7	1	1	1	1
sub-27	3	8	3	2  1	1  2  3	0.666666666666667
sub-27	3	9	1	3	1	0
sub-27	3	10	1	3	1	0
sub-27	3	11	1	1	1	1
sub-27	3	12	1	4	1	0
sub-27	4	1	3	1  2  3	1  2  3	1
sub-27	4	2	1	4	1	0
sub-27	4	3	1	1	1	1
sub-27	4	4	1	1	1	1
sub-27	4	5	1	1	1	1
sub-27	4	6	1	1	1	1
sub-27	4	7	2	1	1  2	0.5
sub-27	4	8	1	3	1	0
sub-27	4	9	1	1	1	1
sub-27	4	10	1	1	1	1
sub-27	4	11	1	1	1	1
sub-27	4	12	1	1	1	1
sub-27	5	1	3	1  4	1  2  3	0.333333333333333
sub-27	5	2	1	4	1	0
sub-27	5	3	1	3	1	0
sub-27	5	4	1	1	1	1
sub-27	5	5	1	2	1	0
sub-27	5	6	1	1	1	1
sub-27	5	7	2	4  1  2	1  2	1
sub-27	5	8	1	2	1	0
sub-27	5	9	1	3	1	0
sub-27	5	10	1	4	1	0
sub-27	5	11	2	2	1  2	0.5
sub-27	5	12	2	1	1  2	0.5
sub-27	6	1	1	1	1	1
sub-27	6	2	3	3  2  1	1  2  3	1
sub-27	6	3	1	2	1	0
sub-27	6	4	1	4	1	0
sub-27	6	5	1	2	1	0
sub-27	6	6	1	2	1	0
sub-27	6	7	2	3  4	1  2	0
sub-27	6	8	1	1	1	1
sub-27	6	9	1	1	1	1
sub-27	6	10	1	2	1	0
sub-27	6	11	2	3	1  2	0
sub-27	6	12	2	2	1  2	0.5
sub-28	1	1	1	1	1	1
sub-28	1	2	1	2	1	0
sub-28	1	3	3	1  3  4	1  2  3	0.666666666666667
sub-28	1	4	1	4	1	0
sub-28	1	5	1	1	1	1
sub-28	1	6	1	3	1	0
sub-28	1	7	1	1	1	1
sub-28	1	8	1	1	1	1
sub-28	1	9	2	4	1  2	0
sub-28	1	10	1	3	1	0
sub-28	1	11	3	1  3	1  2  3	0.666666666666667
sub-28	1	12	4	4  2	1  2  3  4	0.5
sub-28	2	1	1	1	1	1
sub-28	2	2	3	3  1	1  2  3	0.666666666666667
sub-28	2	3	1	4	1	0
sub-28	2	4	1	3	1	0
sub-28	2	5	1	1	1	1
sub-28	2	6	1	1	1	1
sub-28	2	7	1	2	1	0
sub-28	2	8	2	4  1	1  2	0.5
sub-28	2	9	1	4	1	0
sub-28	2	10	1	1	1	1
sub-28	2	11	1	2	1	0
sub-28	2	12	3	4	1  2  3	0
sub-28	3	1	1	3	1	0
sub-28	3	2	3	4  2  3  1	1  2  3	1
sub-28	3	3	1	3	1	0
sub-28	3	4	1	2	1	0
sub-28	3	5	1	2	1	0
sub-28	3	6	1	2	1	0
sub-28	3	7	1	3	1	0
sub-28	3	8	3	1	1  2  3	0.333333333333333
sub-28	3	9	1	3	1	0
sub-28	3	10	1	3	1	0
sub-28	3	11	1	2	1	0
sub-28	3	12	1	2	1	0
sub-28	4	1	3	3	1  2  3	0.333333333333333
sub-28	4	2	1	2	1	0
sub-28	4	3	1	3	1	0
sub-28	4	4	1	2	1	0
sub-28	4	5	1	4	1	0
sub-28	4	6	1	1	1	1
sub-28	4	7	2	2	1  2	0.5
sub-28	4	8	1	3	1	0
sub-28	4	9	1	3	1	0
sub-28	4	10	1	3	1	0
sub-28	4	11	1	3	1	0
sub-28	4	12	1	1	1	1
sub-28	5	1	3	3	1  2  3	0.333333333333333
sub-28	5	2	1	4	1	0
sub-28	5	3	1	3	1	0
sub-28	5	4	1	1	1	1
sub-28	5	5	1	1	1	1
sub-28	5	6	1	1	1	1
sub-28	5	7	2	1	1  2	0.5
sub-28	5	8	1	1	1	1
sub-28	5	9	1	2	1	0
sub-28	5	10	1	4	1	0
sub-28	5	11	2	4	1  2	0
sub-28	5	12	2	3  2	1  2	0.5
sub-28	6	1	1	1	1	1
sub-28	6	2	3	4  3  2	1  2  3	0.666666666666667
sub-28	6	3	1	3	1	0
sub-28	6	4	1	3	1	0
sub-28	6	5	1	3	1	0
sub-28	6	6	1	1	1	1
sub-28	6	7	2	4	1  2	0
sub-28	6	8	1	2	1	0
sub-28	6	9	1	1	1	1
sub-28	6	10	1	2	1	0
sub-28	6	11	2	3	1  2	0
sub-28	6	12	2	1	1  2	0.5
sub-29	1	1	1	2	1	0
sub-29	1	2	1	3	1	0
sub-29	1	3	3	2  1  3	1  2  3	1
sub-29	1	4	1	1	1	1
sub-29	1	5	1	1	1	1
sub-29	1	6	1	1	1	1
sub-29	1	7	1	2	1	0
sub-29	1	8	1	1	1	1
sub-29	1	9	2	1	1  2	0.5
sub-29	1	10	1	1	1	1
sub-29	1	11	3	1	1  2  3	0.333333333333333
sub-29	1	12	4	1  3  2  4	1  2  3  4	1
sub-29	2	1	1	1	1	1
sub-29	2	2	3	2  1  3	1  2  3	1
sub-29	2	3	1	1	1	1
sub-29	2	4	1	1	1	1
sub-29	2	5	1	1	1	1
sub-29	2	6	1	1	1	1
sub-29	2	7	1	1	1	1
sub-29	2	8	2	2  3  1	1  2	1
sub-29	2	9	1	4	1	0
sub-29	2	10	1	1	1	1
sub-29	2	11	1	3	1	0
sub-29	2	12	3	2  1  3	1  2  3	1
sub-29	3	1	1	3	1	0
sub-29	3	2	3	1  4  2  3	1  2  3	1
sub-29	3	3	1	4	1	0
sub-29	3	4	1	1	1	1
sub-29	3	5	1	2	1	0
sub-29	3	6	1	2	1	0
sub-29	3	7	1	1	1	1
sub-29	3	8	3	2  3  1	1  2  3	1
sub-29	3	9	1	1	1	1
sub-29	3	10	1	1	1	1
sub-29	3	11	1	1	1	1
sub-29	3	12	1	2	1	0
sub-29	4	1	3	1  2  3	1  2  3	1
sub-29	4	2	1	4	1	0
sub-29	4	3	1	3	1	0
sub-29	4	4	1	1	1	1
sub-29	4	5	1	1	1	1
sub-29	4	6	1	1	1	1
sub-29	4	7	2	4  3  1	1  2	0.5
sub-29	4	8	1	4	1	0
sub-29	4	9	1	1	1	1
sub-29	4	10	1	1	1	1
sub-29	4	11	1	3	1	0
sub-29	4	12	1	2	1	0
sub-29	5	1	3	3  2  1  4	1  2  3	1
sub-29	5	2	1	3	1	0
sub-29	5	3	1	3	1	0
sub-29	5	4	1	2	1	0
sub-29	5	5	1	2	1	0
sub-29	5	6	1	2	1	0
sub-29	5	7	2	3  1  2	1  2	1
sub-29	5	8	1	1	1	1
sub-29	5	9	1	4	1	0
sub-29	5	10	1	4	1	0
sub-29	5	11	2	1  2	1  2	1
sub-29	5	12	2	1  2	1  2	1
sub-29	6	1	1	1	1	1
sub-29	6	2	3	3  2  4  1	1  2  3	1
sub-29	6	3	1	1	1	1
sub-29	6	4	1	1	1	1
sub-29	6	5	1	1	1	1
sub-29	6	6	1	1	1	1
sub-29	6	7	2	1	1  2	0.5
sub-29	6	8	1	2	1	0
sub-29	6	9	1	1	1	1
sub-29	6	10	1	2	1	0
sub-29	6	11	2	4	1  2	0
sub-29	6	12	2	1  4  3	1  2	0.5
sub-30	1	1	1	1	1	1
sub-30	1	2	1	2	1	0
sub-30	1	3	3	3  1	1  2  3	0.666666666666667
sub-30	1	4	1	4	1	0
sub-30	1	5	1	2	1	0
sub-30	1	6	1	1	1	1
sub-30	1	7	1	2	1	0
sub-30	1	8	1	3	1	0
sub-30	1	9	2	2  4	1  2	0.5
sub-30	1	10	1	1	1	1
sub-30	1	11	3	2	1  2  3	0.333333333333333
sub-30	1	12	4	3	1  2  3  4	0.25
sub-30	2	1	1	1	1	1
sub-30	2	2	3	1	1  2  3	0.333333333333333
sub-30	2	3	1	2	1	0
sub-30	2	4	1	3	1	0
sub-30	2	5	1	4	1	0
sub-30	2	6	1	1	1	1
sub-30	2	7	1	3	1	0
sub-30	2	8	2	1	1  2	0.5
sub-30	2	9	1	3	1	0
sub-30	2	10	1	1	1	1
sub-30	2	11	1	1	1	1
sub-30	2	12	3	2  1	1  2  3	0.666666666666667
sub-30	3	1	1	3	1	0
sub-30	3	2	3	1  4	1  2  3	0.333333333333333
sub-30	3	3	1	1	1	1
sub-30	3	4	1	2	1	0
sub-30	3	5	1	2	1	0
sub-30	3	6	1	2	1	0
sub-30	3	7	1	1	1	1
sub-30	3	8	3	2	1  2  3	0.333333333333333
sub-30	3	9	1	1	1	1
sub-30	3	10	1	3	1	0
sub-30	3	11	1	3	1	0
sub-30	3	12	1	2	1	0
sub-30	4	1	3	3	1  2  3	0.333333333333333
sub-30	4	2	1	2	1	0
sub-30	4	3	1	1	1	1
sub-30	4	4	1	1	1	1
sub-30	4	5	1	2	1	0
sub-30	4	6	1	1	1	1
sub-30	4	7	2	4	1  2	0
sub-30	4	8	1	2	1	0
sub-30	4	9	1	1	1	1
sub-30	4	10	1	4	1	0
sub-30	4	11	1	1	1	1
sub-30	4	12	1	1	1	1
sub-30	5	1	3	1	1  2  3	0.333333333333333
sub-30	5	2	1	1	1	1
sub-30	5	3	1	4	1	0
sub-30	5	4	1	1	1	1
sub-30	5	5	1	1	1	1
sub-30	5	6	1	1	1	1
sub-30	5	7	2	2	1  2	0.5
sub-30	5	8	1	1	1	1
sub-30	5	9	1	4	1	0
sub-30	5	10	1	4	1	0
sub-30	5	11	2	3	1  2	0
sub-30	5	12	2	1  2  4	1  2	1
sub-30	6	1	1	3	1	0
sub-30	6	2	3	1  3  2	1  2  3	1
sub-30	6	3	1	1	1	1
sub-30	6	4	1	2	1	0
sub-30	6	5	1	3	1	0
sub-30	6	6	1	2	1	0
sub-30	6	7	2	4	1  2	0
sub-30	6	8	1	3	1	0
sub-30	6	9	1	3	1	0
sub-30	6	10	1	3	1	0
sub-30	6	11	2	4	1  2	0
sub-30	6	12	2	2	1  2	0.5
sub-31	1	1	1	4	1	0
sub-31	1	2	1	3	1	0
sub-31	1	3	3	4	1  2  3	0
sub-31	1	4	1	3	1	0
sub-31	1	5	1	3	1	0
sub-31	1	6	1	2	1	0
sub-31	1	7	1	1	1	1
sub-31	1	8	1	1	1	1
sub-31	1	9	2	4	1  2	0
sub-31	1	10	1	3	1	0
sub-31	1	11	3	1	1  2  3	0.333333333333333
sub-31	1	12	4	1  2  4  3	1  2  3  4	1
sub-31	2	1	1	1	1	1
sub-31	2	2	3	2  3  1	1  2  3	1
sub-31	2	3	1	2	1	0
sub-31	2	4	1	2	1	0
sub-31	2	5	1	1	1	1
sub-31	2	6	1	1	1	1
sub-31	2	7	1	2	1	0
sub-31	2	8	2	1  3  4	1  2	0.5
sub-31	2	9	1	4	1	0
sub-31	2	10	1	1	1	1
sub-31	2	11	1	2	1	0
sub-31	2	12	3	1	1  2  3	0.333333333333333
sub-31	3	1	1	4	1	0
sub-31	3	2	3	2  3  1	1  2  3	1
sub-31	3	3	1	1	1	1
sub-31	3	4	1	2	1	0
sub-31	3	5	1	3	1	0
sub-31	3	6	1	2	1	0
sub-31	3	7	1	1	1	1
sub-31	3	8	3	2  1	1  2  3	0.666666666666667
sub-31	3	9	1	3	1	0
sub-31	3	10	1	1	1	1
sub-31	3	11	1	1	1	1
sub-31	3	12	1	2	1	0
sub-31	4	1	3	2  1	1  2  3	0.666666666666667
sub-31	4	2	1	1	1	1
sub-31	4	3	1	2	1	0
sub-31	4	4	1	1	1	1
sub-31	4	5	1	2	1	0
sub-31	4	6	1	1	1	1
sub-31	4	7	2	3  2  4	1  2	0.5
sub-31	4	8	1	1	1	1
sub-31	4	9	1	1	1	1
sub-31	4	10	1	4	1	0
sub-31	4	11	1	3	1	0
sub-31	4	12	1	1	1	1
sub-31	5	1	3	1  2  3	1  2  3	1
sub-31	5	2	1	3	1	0
sub-31	5	3	1	3	1	0
sub-31	5	4	1	1	1	1
sub-31	5	5	1	1	1	1
sub-31	5	6	1	4	1	0
sub-31	5	7	2	3  1	1  2	0.5
sub-31	5	8	1	2	1	0
sub-31	5	9	1	2	1	0
sub-31	5	10	1	1	1	1
sub-31	5	11	2	4  2	1  2	0.5
sub-31	5	12	2	3	1  2	0
sub-31	6	1	1	1	1	1
sub-31	6	2	3	4  3  2	1  2  3	0.666666666666667
sub-31	6	3	1	2	1	0
sub-31	6	4	1	1	1	1
sub-31	6	5	1	3	1	0
sub-31	6	6	1	1	1	1
sub-31	6	7	2	2  1  4	1  2	1
sub-31	6	8	1	4	1	0
sub-31	6	9	1	4	1	0
sub-31	6	10	1	2	1	0
sub-31	6	11	2	4  3	1  2	0
sub-31	6	12	2	3  2	1  2	0.5
sub-32	1	1	1	1	1	1
sub-32	1	2	1	3	1	0
sub-32	1	3	3	2  1  3	1  2  3	1
sub-32	1	4	1	1	1	1
sub-32	1	5	1	1	1	1
sub-32	1	6	1	1	1	1
sub-32	1	7	1	2	1	0
sub-32	1	8	1	1	1	1
sub-32	1	9	2	4  1	1  2	0.5
sub-32	1	10	1	1	1	1
sub-32	1	11	3	2  1  3	1  2  3	1
sub-32	1	12	4	3  2  4	1  2  3  4	0.75
sub-32	2	1	1	1	1	1
sub-32	2	2	3	2  1	1  2  3	0.666666666666667
sub-32	2	3	1	1	1	1
sub-32	2	4	1	1	1	1
sub-32	2	5	1	3	1	0
sub-32	2	6	1	1	1	1
sub-32	2	7	1	1	1	1
sub-32	2	8	2	2	1  2	0.5
sub-32	2	9	1	2	1	0
sub-32	2	10	1	2	1	0
sub-32	2	11	1	1	1	1
sub-32	2	12	3	2  3  4  1	1  2  3	1
sub-32	3	1	1	4	1	0
sub-32	3	2	3	2  4  3  1	1  2  3	1
sub-32	3	3	1	1	1	1
sub-32	3	4	1	2	1	0
sub-32	3	5	1	1	1	1
sub-32	3	6	1	4	1	0
sub-32	3	7	1	1	1	1
sub-32	3	8	3	1  3  2	1  2  3	1
sub-32	3	9	1	4	1	0
sub-32	3	10	1	1	1	1
sub-32	3	11	1	1	1	1
sub-32	3	12	1	3	1	0
sub-32	4	1	3	3  2  1	1  2  3	1
sub-32	4	2	1	1	1	1
sub-32	4	3	1	3	1	0
sub-32	4	4	1	1	1	1
sub-32	4	5	1	3	1	0
sub-32	4	6	1	1	1	1
sub-32	4	7	2	1  2  4	1  2	1
sub-32	4	8	1	4	1	0
sub-32	4	9	1	1	1	1
sub-32	4	10	1	1	1	1
sub-32	4	11	1	1	1	1
sub-32	4	12	1	1	1	1
sub-32	5	1	3	3	1  2  3	0.333333333333333
sub-32	5	2	1	3	1	0
sub-32	5	3	1	3	1	0
sub-32	5	4	1	1	1	1
sub-32	5	5	1	3	1	0
sub-32	5	6	1	2	1	0
sub-32	5	7	2	4  3  1	1  2	0.5
sub-32	5	8	1	1	1	1
sub-32	5	9	1	1	1	1
sub-32	5	10	1	1	1	1
sub-32	5	11	2	1  2	1  2	1
sub-32	5	12	2	2  1	1  2	1
sub-32	6	1	1	1	1	1
sub-32	6	2	3	1  2  3	1  2  3	1
sub-32	6	3	1	1	1	1
sub-32	6	4	1	1	1	1
sub-32	6	5	1	1	1	1
sub-32	6	6	1	1	1	1
sub-32	6	7	2	2  1	1  2	1
sub-32	6	8	1	1	1	1
sub-32	6	9	1	1	1	1
sub-32	6	10	1	2	1	0
sub-32	6	11	2	1  2	1  2	1
sub-32	6	12	2	2  1	1  2	1
