participant_id	stim_no	total_questions	score
sub-01	1	12	9.75
sub-01	2	12	7.16666666666667
sub-01	3	12	8.66666666666667
sub-01	4	12	7.83333333333333
sub-01	5	12	7.5
sub-01	6	12	7.5
sub-02	1	12	6.5
sub-02	2	12	3.16666666666667
sub-02	3	12	7.33333333333333
sub-02	4	12	6.66666666666667
sub-02	5	12	8.5
sub-02	6	12	6.66666666666667
sub-03	1	12	5.83333333333333
sub-03	2	12	2.83333333333333
sub-03	3	12	3.33333333333333
sub-03	4	12	3.16666666666667
sub-03	5	12	3.33333333333333
sub-03	6	12	2.66666666666667
sub-04	1	12	8.41666666666667
sub-04	2	12	5.5
sub-04	3	12	7.66666666666667
sub-04	4	12	7
sub-04	5	12	7
sub-04	6	12	10
sub-05	1	12	3.08333333333333
sub-05	2	12	5
sub-05	3	12	4.66666666666667
sub-05	4	12	1.33333333333333
sub-05	5	12	3.83333333333333
sub-05	6	12	1.83333333333333
sub-06	1	12	4.41666666666667
sub-06	2	12	6.16666666666667
sub-06	3	12	3.66666666666667
sub-06	4	12	4.33333333333333
sub-06	5	12	6.33333333333333
sub-06	6	12	6
sub-07	1	12	6.5
sub-07	2	12	7
sub-07	3	12	8.66666666666667
sub-07	4	12	8.16666666666667
sub-07	5	12	4.66666666666667
sub-07	6	12	9.5
sub-08	1	12	7.91666666666667
sub-08	2	12	7.33333333333333
sub-08	3	12	5.66666666666667
sub-08	4	12	6.83333333333333
sub-08	5	12	3.83333333333333
sub-08	6	12	2.16666666666667
sub-09	1	12	2.08333333333333
sub-09	2	12	4.66666666666667
sub-09	3	12	4
sub-09	4	12	3.33333333333333
sub-09	5	12	6.33333333333333
sub-09	6	12	3.33333333333333
sub-10	1	12	7.41666666666667
sub-10	2	12	10.3333333333333
sub-10	3	12	8.66666666666667
sub-10	4	12	9.66666666666667
sub-10	5	12	8
sub-10	6	12	8.5
sub-11	1	12	6.58333333333333
sub-11	2	12	3.33333333333333
sub-11	3	12	4.66666666666667
sub-11	4	12	3.5
sub-11	5	12	6
sub-11	6	12	6.16666666666667
sub-12	1	12	2.75
sub-12	2	12	4.33333333333333
sub-12	3	12	9
sub-12	4	12	7.66666666666667
sub-12	5	12	3.83333333333333
sub-12	6	12	7.5
sub-13	1	12	7.33333333333333
sub-13	2	12	10.6666666666667
sub-13	3	12	5
sub-13	4	12	6.16666666666667
sub-13	5	12	3.83333333333333
sub-13	6	12	5.66666666666667
sub-14	1	12	4.58333333333333
sub-14	2	12	4.33333333333333
sub-14	3	12	2
sub-14	4	12	4.83333333333333
sub-14	5	12	2.33333333333333
sub-14	6	12	2.83333333333333
sub-15	1	12	5.66666666666667
sub-15	2	12	8.66666666666666
sub-15	3	12	8.33333333333333
sub-15	4	12	5.83333333333333
sub-15	5	12	5
sub-15	6	12	6
sub-16	1	12	7.91666666666667
sub-16	2	12	4
sub-16	3	12	4.33333333333333
sub-16	4	12	3.83333333333333
sub-16	5	12	3.5
sub-16	6	12	3.5
sub-17	1	12	4.91666666666667
sub-17	2	12	7.66666666666667
sub-17	3	12	3.66666666666667
sub-17	4	12	6.16666666666667
sub-17	5	12	4.83333333333333
sub-17	6	12	2.66666666666667
sub-18	1	12	5.41666666666667
sub-18	2	12	7
sub-18	3	12	7.33333333333333
sub-18	4	12	5.5
sub-18	5	12	4.5
sub-18	6	12	7
sub-19	1	12	6.33333333333333
sub-19	2	12	6
sub-19	3	12	4.66666666666667
sub-19	4	12	2.66666666666667
sub-19	5	12	6.16666666666667
sub-19	6	12	3.66666666666667
sub-20	1	12	3.5
sub-20	2	12	6
sub-20	3	12	4.33333333333333
sub-20	4	12	4.33333333333333
sub-20	5	12	5.16666666666667
sub-20	6	12	3.66666666666667
sub-21	1	12	4.58333333333333
sub-21	2	12	7.33333333333333
sub-21	3	12	7.33333333333333
sub-21	4	12	6.5
sub-21	5	12	7.16666666666667
sub-21	6	12	6
sub-22	1	12	8.08333333333333
sub-22	2	12	5.33333333333333
sub-22	3	12	4.33333333333333
sub-22	4	12	6.16666666666667
sub-22	5	12	4.5
sub-22	6	12	5.66666666666667
sub-23	1	12	7.16666666666667
sub-23	2	12	5
sub-23	3	12	5.66666666666667
sub-23	4	12	6.16666666666667
sub-23	5	12	6
sub-23	6	12	7.5
sub-24	1	12	5.5
sub-24	2	12	7
sub-24	3	12	7.66666666666667
sub-24	4	12	6.66666666666667
sub-24	5	12	6.16666666666667
sub-24	6	12	9.5
sub-25	1	12	6.58333333333333
sub-25	2	12	6.16666666666667
sub-25	3	12	7.33333333333333
sub-25	4	12	7.83333333333333
sub-25	5	12	6
sub-25	6	12	6
sub-26	1	12	9.75
sub-26	2	12	9.5
sub-26	3	12	4.33333333333333
sub-26	4	12	7.66666666666667
sub-26	5	12	2.33333333333333
sub-26	6	12	6.5
sub-27	1	12	6.16666666666667
sub-27	2	12	7.33333333333333
sub-27	3	12	3.66666666666667
sub-27	4	12	9.5
sub-27	5	12	4.33333333333333
sub-27	6	12	4.5
sub-28	1	12	5.83333333333333
sub-28	2	12	5.16666666666667
sub-28	3	12	1.33333333333333
sub-28	4	12	2.83333333333333
sub-28	5	12	5.33333333333333
sub-28	6	12	4.16666666666667
sub-29	1	12	7.83333333333333
sub-29	2	12	10
sub-29	3	12	7
sub-29	4	12	6.5
sub-29	5	12	5
sub-29	6	12	8
sub-30	1	12	4.75
sub-30	2	12	5.5
sub-30	3	12	3.66666666666667
sub-30	4	12	6.33333333333333
sub-30	5	12	6.83333333333333
sub-30	6	12	2.5
sub-31	1	12	3.33333333333333
sub-31	2	12	5.83333333333333
sub-31	3	12	5.66666666666667
sub-31	4	12	7.16666666666667
sub-31	5	12	5
sub-31	6	12	5.16666666666667
sub-32	1	12	9.25
sub-32	2	12	8.16666666666667
sub-32	3	12	7
sub-32	4	12	9
sub-32	5	12	6.83333333333333
sub-32	6	12	11
